"振込日","加盟店番号（V/M）","店舗番号（AKR）","店舗名","取引年月日","決済ブランド","決済ブランド（カード番号下４桁）","支払区分","金額（円）","税区分","備考"
"2025-12-25","046981968011","AKR5043754583","Ｃｒａｂ　Ｓｈｒｉｍｐ","2025-12-19","楽天ペイ","","一括","950","課税",""
"2025-12-25","046981968011","AKR5043754583","Ｃｒａｂ　Ｓｈｒｉｍｐ","2025-12-19","PayPay","","一括","900","課税",""
"2025-12-25","046981968011","AKR5043754583","Ｃｒａｂ　Ｓｈｒｉｍｐ","2025-12-19","PayPay","","一括","900","課税",""
"2025-12-25","046981968011","AKR5043754583","Ｃｒａｂ　Ｓｈｒｉｍｐ","2025-12-19","d払い","","一括","19512","課税",""
"2025-12-25","046981968011","AKR5043754583","Ｃｒａｂ　Ｓｈｒｉｍｐ","2025-12-19","d払い","","一括","1800","課税",""
"2025-12-25","046981968011","AKR5043754583","Ｃｒａｂ　Ｓｈｒｉｍｐ","2025-12-19","Visa","3004","一括","20196","非課税",""
"2025-12-25","046981968011","AKR5043754583","Ｃｒａｂ　Ｓｈｒｉｍｐ","2025-12-19","Visa","5584","一括","7967","非課税",""
"2025-12-25","046981968011","AKR5043754583","Ｃｒａｂ　Ｓｈｒｉｍｐ","2025-12-19","Visa","5155","一括","73513","非課税",""
"2025-12-25","046981968011","AKR5043754583","Ｃｒａｂ　Ｓｈｒｉｍｐ","2025-12-19","Visa","5087","一括","8899","非課税",""
"2025-12-25","046981968011","AKR5043754583","Ｃｒａｂ　Ｓｈｒｉｍｐ","2025-12-19","Visa","9113","一括","9806","非課税",""
"2025-12-25","046981968011","AKR5043754583","Ｃｒａｂ　Ｓｈｒｉｍｐ","2025-12-19","Mastercard(R)","9007","一括","29268","非課税",""
"2025-12-25","046981968011","AKR5043754583","Ｃｒａｂ　Ｓｈｒｉｍｐ","2025-12-19","Diners Club","4277","一括","6369","非課税",""
"2025-12-25","046981968011","AKR5043754583","Ｃｒａｂ　Ｓｈｒｉｍｐ","2025-12-19","Visa","9690","一括","49196","非課税",""
"2025-12-25","046981968011","AKR5043754583","Ｃｒａｂ　Ｓｈｒｉｍｐ","2025-12-19","Visa","2824","一括","19912","非課税",""
"2025-12-25","046981968011","AKR5043754583","Ｃｒａｂ　Ｓｈｒｉｍｐ","2025-12-19","JCB","1000","一括","8717","非課税",""
"2025-12-25","046981968011","AKR5043754583","Ｃｒａｂ　Ｓｈｒｉｍｐ","2025-12-19","JCB","2741","一括","12786","非課税",""
"2025-12-25","046981968011","AKR5043754583","Ｃｒａｂ　Ｓｈｒｉｍｐ","2025-12-19","Visa","6894","一括","10695","非課税",""
"2025-12-25","046981968011","AKR5043754583","Ｃｒａｂ　Ｓｈｒｉｍｐ","2025-12-19","Visa","4290","一括","1936","非課税",""
"2025-12-25","046981968011","AKR5043754583","Ｃｒａｂ　Ｓｈｒｉｍｐ","2025-12-19","Visa","6361","一括","6395","非課税",""
"2025-12-25","046981968011","AKR5043754583","Ｃｒａｂ　Ｓｈｒｉｍｐ","2025-12-19","Visa","0678","一括","15312","非課税",""
"2025-12-25","046981968011","AKR5043754583","Ｃｒａｂ　Ｓｈｒｉｍｐ","2025-12-19","Visa","7598","一括","900","非課税",""
"2025-12-25","046981968011","AKR5043754583","Ｃｒａｂ　Ｓｈｒｉｍｐ","2025-12-18","d払い","","一括","17912","課税",""
"2025-12-25","046981968011","AKR5043754583","Ｃｒａｂ　Ｓｈｒｉｍｐ","2025-12-18","d払い","","一括","900","課税",""
"2025-12-25","046981968011","AKR5043754583","Ｃｒａｂ　Ｓｈｒｉｍｐ","2025-12-18","d払い","","一括","900","課税",""
"2025-12-25","046981968011","AKR5043754583","Ｃｒａｂ　Ｓｈｒｉｍｐ","2025-12-18","d払い","","一括","900","課税",""
"2025-12-25","046981968011","AKR5043754583","Ｃｒａｂ　Ｓｈｒｉｍｐ","2025-12-18","iD","6***","一括","2655","非課税",""
"2025-12-25","046981968011","AKR5043754583","Ｃｒａｂ　Ｓｈｒｉｍｐ","2025-12-18","American Express","4104","一括","11132","非課税",""
"2025-12-25","046981968011","AKR5043754583","Ｃｒａｂ　Ｓｈｒｉｍｐ","2025-12-18","Visa","1265","一括","19492","非課税",""
"2025-12-25","046981968011","AKR5043754583","Ｃｒａｂ　Ｓｈｒｉｍｐ","2025-12-18","American Express","5391","一括","8459","非課税",""
"2025-12-25","046981968011","AKR5043754583","Ｃｒａｂ　Ｓｈｒｉｍｐ","2025-12-18","Visa","3241","一括","42492","非課税",""
"2025-12-25","046981968011","AKR5043754583","Ｃｒａｂ　Ｓｈｒｉｍｐ","2025-12-18","Visa","9734","一括","29468","非課税",""
"2025-12-25","046981968011","AKR5043754583","Ｃｒａｂ　Ｓｈｒｉｍｐ","2025-12-18","Visa","9409","一括","15312","非課税",""
"2025-12-25","046981968011","AKR5043754583","Ｃｒａｂ　Ｓｈｒｉｍｐ","2025-12-18","Mastercard(R)","7094","一括","16439","非課税",""
"2025-12-25","046981968011","AKR5043754583","Ｃｒａｂ　Ｓｈｒｉｍｐ","2025-12-18","Mastercard(R)","5613","一括","7084","非課税",""
"2025-12-25","046981968011","AKR5043754583","Ｃｒａｂ　Ｓｈｒｉｍｐ","2025-12-18","American Express","9845","一括","8206","非課税",""
"2025-12-25","046981968011","AKR5043754583","Ｃｒａｂ　Ｓｈｒｉｍｐ","2025-12-18","Mastercard(R)","9018","一括","12280","非課税",""
"2025-12-25","046981968011","AKR5043754583","Ｃｒａｂ　Ｓｈｒｉｍｐ","2025-12-18","JCB","1100","一括","2700","非課税",""
"2025-12-25","046981968011","AKR5043754583","Ｃｒａｂ　Ｓｈｒｉｍｐ","2025-12-18","Mastercard(R)","1098","一括","900","非課税",""
"2025-12-25","046981968011","AKR5043754583","Ｃｒａｂ　Ｓｈｒｉｍｐ","2025-12-17","PayPay","","一括","12919","課税",""
"2025-12-25","046981968011","AKR5043754583","Ｃｒａｂ　Ｓｈｒｉｍｐ","2025-12-17","PayPay","","一括","11687","課税",""
"2025-12-25","046981968011","AKR5043754583","Ｃｒａｂ　Ｓｈｒｉｍｐ","2025-12-17","PayPay","","一括","10450","課税",""
"2025-12-25","046981968011","AKR5043754583","Ｃｒａｂ　Ｓｈｒｉｍｐ","2025-12-17","PayPay","","一括","1100","課税",""
"2025-12-25","046981968011","AKR5043754583","Ｃｒａｂ　Ｓｈｒｉｍｐ","2025-12-17","PayPay","","一括","900","課税",""
"2025-12-25","046981968011","AKR5043754583","Ｃｒａｂ　Ｓｈｒｉｍｐ","2025-12-17","Visa","8571","一括","21802","非課税",""
"2025-12-25","046981968011","AKR5043754583","Ｃｒａｂ　Ｓｈｒｉｍｐ","2025-12-17","Visa","7703","一括","38236","非課税",""
"2025-12-25","046981968011","AKR5043754583","Ｃｒａｂ　Ｓｈｒｉｍｐ","2025-12-17","Visa","8429","一括","22106","非課税",""
"2025-12-25","046981968011","AKR5043754583","Ｃｒａｂ　Ｓｈｒｉｍｐ","2025-12-17","Visa","6858","一括","7824","非課税",""
"2025-12-25","046981968011","AKR5043754583","Ｃｒａｂ　Ｓｈｒｉｍｐ","2025-12-17","Visa","1300","一括","1200","非課税",""
"2025-12-25","046981968011","AKR5043754583","Ｃｒａｂ　Ｓｈｒｉｍｐ","2025-12-17","Visa","1300","一括","62136","非課税",""
"2025-12-25","046981968011","AKR5043754583","Ｃｒａｂ　Ｓｈｒｉｍｐ","2025-12-17","Visa","5010","一括","20512","非課税",""
"2025-12-25","046981968011","AKR5043754583","Ｃｒａｂ　Ｓｈｒｉｍｐ","2025-12-17","Visa","8705","一括","3564","非課税",""
"2025-12-25","046981968011","AKR5043754583","Ｃｒａｂ　Ｓｈｒｉｍｐ","2025-12-17","American Express","6010","一括","4466","非課税",""
"2025-12-25","046981968011","AKR5043754583","Ｃｒａｂ　Ｓｈｒｉｍｐ","2025-12-17","JCB","1003","一括","8731","非課税",""
"2025-12-25","046981968011","AKR5043754583","Ｃｒａｂ　Ｓｈｒｉｍｐ","2025-12-17","Visa","6502","一括","1765","非課税",""
"2025-12-25","046981968011","AKR5043754583","Ｃｒａｂ　Ｓｈｒｉｍｐ","2025-12-17","JCB","2793","一括","1100","非課税",""
"2025-12-25","046981968011","AKR5043754583","Ｃｒａｂ　Ｓｈｒｉｍｐ","2025-12-17","Visa","7760","一括","900","非課税",""
"2025-12-25","046981968011","AKR5043754583","Ｃｒａｂ　Ｓｈｒｉｍｐ","2025-12-17","Visa","9332","一括","900","非課税",""
"2025-12-25","046981968011","AKR5043754583","Ｃｒａｂ　Ｓｈｒｉｍｐ","2025-12-16","楽天ペイ","","一括","1200","課税",""
"2025-12-25","046981968011","AKR5043754583","Ｃｒａｂ　Ｓｈｒｉｍｐ","2025-12-16","PayPay","","一括","1140","課税",""
"2025-12-25","046981968011","AKR5043754583","Ｃｒａｂ　Ｓｈｒｉｍｐ","2025-12-16","UnionPay(銀聯)","9966","","5678","非課税",""
"2025-12-25","046981968011","AKR5043754583","Ｃｒａｂ　Ｓｈｒｉｍｐ","2025-12-16","Mastercard(R)","5667","一括","18812","非課税",""
"2025-12-25","046981968011","AKR5043754583","Ｃｒａｂ　Ｓｈｒｉｍｐ","2025-12-16","Visa","9878","一括","1200","非課税",""
"2025-12-25","046981968011","AKR5043754583","Ｃｒａｂ　Ｓｈｒｉｍｐ","2025-12-15","PayPay","","一括","5456","課税",""
"2025-12-25","046981968011","AKR5043754583","Ｃｒａｂ　Ｓｈｒｉｍｐ","2025-12-15","PayPay","","一括","2535","課税",""
"2025-12-25","046981968011","AKR5043754583","Ｃｒａｂ　Ｓｈｒｉｍｐ","2025-12-15","PayPay","","一括","1200","課税",""
"2025-12-25","046981968011","AKR5043754583","Ｃｒａｂ　Ｓｈｒｉｍｐ","2025-12-15","QUICPay","8***","","1200","非課税",""
"2025-12-25","046981968011","AKR5043754583","Ｃｒａｂ　Ｓｈｒｉｍｐ","2025-12-15","Visa","8467","一括","22397","非課税",""
"2025-12-25","046981968011","AKR5043754583","Ｃｒａｂ　Ｓｈｒｉｍｐ","2025-12-15","Visa","7504","一括","30404","非課税",""
"2025-12-25","046981968011","AKR5043754583","Ｃｒａｂ　Ｓｈｒｉｍｐ","2025-12-15","Visa","7207","一括","16745","非課税",""
"2025-12-25","046981968011","AKR5043754583","Ｃｒａｂ　Ｓｈｒｉｍｐ","2025-12-15","Visa","5828","一括","20712","非課税",""
"2025-12-25","046981968011","AKR5043754583","Ｃｒａｂ　Ｓｈｒｉｍｐ","2025-12-15","Visa","8429","一括","38104","非課税",""
"2025-12-25","046981968011","AKR5043754583","Ｃｒａｂ　Ｓｈｒｉｍｐ","2025-12-15","JCB","5406","一括","12544","非課税",""
"2025-12-25","046981968011","AKR5043754583","Ｃｒａｂ　Ｓｈｒｉｍｐ","2025-12-15","JCB","1027","一括","18612","非課税",""
"2025-12-25","046981968011","AKR5043754583","Ｃｒａｂ　Ｓｈｒｉｍｐ","2025-12-15","Visa","9000","一括","30624","非課税",""
"2025-12-25","046981968011","AKR5043754583","Ｃｒａｂ　Ｓｈｒｉｍｐ","2025-12-14","WeChat Pay","","一括","14212","課税",""
"2025-12-25","046981968011","AKR5043754583","Ｃｒａｂ　Ｓｈｒｉｍｐ","2025-12-14","QUICPay","5***","","1200","非課税",""
"2025-12-25","046981968011","AKR5043754583","Ｃｒａｂ　Ｓｈｒｉｍｐ","2025-12-14","Visa","9168","一括","32868","非課税",""
"2025-12-25","046981968011","AKR5043754583","Ｃｒａｂ　Ｓｈｒｉｍｐ","2025-12-14","Mastercard(R)","1408","一括","1400","非課税",""
"2025-12-25","046981968011","AKR5043754583","Ｃｒａｂ　Ｓｈｒｉｍｐ","2025-12-14","American Express","2000","一括","21047","非課税",""
"2025-12-25","046981968011","AKR5043754583","Ｃｒａｂ　Ｓｈｒｉｍｐ","2025-12-13","PayPay","","一括","13728","課税",""
"2025-12-25","046981968011","AKR5043754583","Ｃｒａｂ　Ｓｈｒｉｍｐ","2025-12-13","PayPay","","一括","2400","課税",""
"2025-12-25","046981968011","AKR5043754583","Ｃｒａｂ　Ｓｈｒｉｍｐ","2025-12-13","Visa","6894","一括","29832","非課税",""
"2025-12-25","046981968011","AKR5043754583","Ｃｒａｂ　Ｓｈｒｉｍｐ","2025-12-13","American Express","2784","一括","22725","非課税",""
"2025-12-25","046981968011","AKR5043754583","Ｃｒａｂ　Ｓｈｒｉｍｐ","2025-12-13","Visa","7206","一括","13893","非課税",""
"2025-12-25","046981968011","AKR5043754583","Ｃｒａｂ　Ｓｈｒｉｍｐ","2025-12-13","Mastercard(R)","6029","一括","21472","非課税",""
"2025-12-25","046981968011","AKR5043754583","Ｃｒａｂ　Ｓｈｒｉｍｐ","2025-12-13","Visa","9032","一括","16192","非課税",""
"2025-12-25","046981968011","AKR5043754583","Ｃｒａｂ　Ｓｈｒｉｍｐ","2025-12-13","JCB","4368","一括","22212","非課税",""
"2025-12-25","046981968011","AKR5043754583","Ｃｒａｂ　Ｓｈｒｉｍｐ","2025-12-13","JCB","1096","一括","22132","非課税",""
"2025-12-25","046981968011","AKR5043754583","Ｃｒａｂ　Ｓｈｒｉｍｐ","2025-12-13","Visa","4717","一括","65386","非課税",""
"2025-12-25","046981968011","AKR5043754583","Ｃｒａｂ　Ｓｈｒｉｍｐ","2025-12-13","Mastercard(R)","5451","一括","13904","非課税",""
"2025-12-25","046981968011","AKR5043754583","Ｃｒａｂ　Ｓｈｒｉｍｐ","2025-12-13","American Express","5104","一括","13595","非課税",""
"2025-12-25","046981968011","AKR5043754583","Ｃｒａｂ　Ｓｈｒｉｍｐ","2025-12-13","Visa","7409","一括","23672","非課税",""
"2025-12-25","046981968011","AKR5043754583","Ｃｒａｂ　Ｓｈｒｉｍｐ","2025-12-13","American Express","1004","一括","2400","非課税",""
"2025-12-25","046981968011","AKR5043754583","Ｃｒａｂ　Ｓｈｒｉｍｐ","2025-12-12","PayPay","","一括","34733","課税",""
"2025-12-25","046981968011","AKR5043754583","Ｃｒａｂ　Ｓｈｒｉｍｐ","2025-12-12","d払い","","一括","19272","課税",""
"2025-12-25","046981968011","AKR5043754583","Ｃｒａｂ　Ｓｈｒｉｍｐ","2025-12-12","American Express","3000","一括","38423","非課税",""
"2025-12-25","046981968011","AKR5043754583","Ｃｒａｂ　Ｓｈｒｉｍｐ","2025-12-12","Visa","2409","一括","8536","非課税",""
"2025-12-25","046981968011","AKR5043754583","Ｃｒａｂ　Ｓｈｒｉｍｐ","2025-12-12","Mastercard(R)","2777","一括","20130","非課税",""
"2025-12-25","046981968011","AKR5043754583","Ｃｒａｂ　Ｓｈｒｉｍｐ","2025-12-12","Visa","7085","一括","17512","非課税",""
"2025-12-25","046981968011","AKR5043754583","Ｃｒａｂ　Ｓｈｒｉｍｐ","2025-12-12","Mastercard(R)","6412","一括","19442","非課税",""
"2025-12-25","046981968011","AKR5043754583","Ｃｒａｂ　Ｓｈｒｉｍｐ","2025-12-12","Visa","0991","一括","12000","非課税",""
"2025-12-25","046981968011","AKR5043754583","Ｃｒａｂ　Ｓｈｒｉｍｐ","2025-12-12","JCB","4481","一括","19263","非課税",""
"2025-12-25","046981968011","AKR5043754583","Ｃｒａｂ　Ｓｈｒｉｍｐ","2025-12-12","Visa","6001","一括","7916","非課税",""
"2025-12-25","046981968011","AKR5043754583","Ｃｒａｂ　Ｓｈｒｉｍｐ","2025-12-11","PayPay","","一括","11893","課税",""
"2025-12-25","046981968011","AKR5043754583","Ｃｒａｂ　Ｓｈｒｉｍｐ","2025-12-11","PayPay","","一括","1200","課税",""
"2025-12-25","046981968011","AKR5043754583","Ｃｒａｂ　Ｓｈｒｉｍｐ","2025-12-11","PayPay","","一括","1200","課税",""
"2025-12-25","046981968011","AKR5043754583","Ｃｒａｂ　Ｓｈｒｉｍｐ","2025-12-11","PayPay","","一括","1200","課税",""
"2025-12-25","046981968011","AKR5043754583","Ｃｒａｂ　Ｓｈｒｉｍｐ","2025-12-11","iD","0***","一括","1200","非課税",""
"2025-12-25","046981968011","AKR5043754583","Ｃｒａｂ　Ｓｈｒｉｍｐ","2025-12-11","交通系電子マネー","9660","","1200","課税",""
"2025-12-25","046981968011","AKR5043754583","Ｃｒａｂ　Ｓｈｒｉｍｐ","2025-12-11","Visa","0237","一括","19448","非課税",""
"2025-12-25","046981968011","AKR5043754583","Ｃｒａｂ　Ｓｈｒｉｍｐ","2025-12-11","Mastercard(R)","6159","一括","19360","非課税",""
"2025-12-25","046981968011","AKR5043754583","Ｃｒａｂ　Ｓｈｒｉｍｐ","2025-12-11","Visa","6510","一括","25910","非課税",""
"2025-12-25","046981968011","AKR5043754583","Ｃｒａｂ　Ｓｈｒｉｍｐ","2025-12-11","Visa","0152","一括","32640","非課税",""
"2025-12-25","046981968011","AKR5043754583","Ｃｒａｂ　Ｓｈｒｉｍｐ","2025-12-11","JCB","1082","一括","20042","非課税",""
"2025-12-25","046981968011","AKR5043754583","Ｃｒａｂ　Ｓｈｒｉｍｐ","2025-12-11","Visa","0101","一括","32268","非課税",""
"2025-12-25","046981968011","AKR5043754583","Ｃｒａｂ　Ｓｈｒｉｍｐ","2025-12-11","Visa","8790","一括","15992","非課税",""
"2025-12-25","046981968011","AKR5043754583","Ｃｒａｂ　Ｓｈｒｉｍｐ","2025-12-10","PayPay","","一括","29468","課税",""
"2025-12-25","046981968011","AKR5043754583","Ｃｒａｂ　Ｓｈｒｉｍｐ","2025-12-10","PayPay","","一括","18227","課税",""
"2025-12-25","046981968011","AKR5043754583","Ｃｒａｂ　Ｓｈｒｉｍｐ","2025-12-10","PayPay","","一括","3289","課税",""
"2025-12-25","046981968011","AKR5043754583","Ｃｒａｂ　Ｓｈｒｉｍｐ","2025-12-10","PayPay","","一括","1200","課税",""
"2025-12-25","046981968011","AKR5043754583","Ｃｒａｂ　Ｓｈｒｉｍｐ","2025-12-10","PayPay","","一括","1200","課税",""
"2025-12-25","046981968011","AKR5043754583","Ｃｒａｂ　Ｓｈｒｉｍｐ","2025-12-10","PayPay","","一括","1200","課税",""
"2025-12-25","046981968011","AKR5043754583","Ｃｒａｂ　Ｓｈｒｉｍｐ","2025-12-10","PayPay","","一括","1200","課税",""
"2025-12-25","046981968011","AKR5043754583","Ｃｒａｂ　Ｓｈｒｉｍｐ","2025-12-10","PayPay","","一括","1200","課税",""
"2025-12-25","046981968011","AKR5043754583","Ｃｒａｂ　Ｓｈｒｉｍｐ","2025-12-10","PayPay","","一括","1200","課税",""
"2025-12-25","046981968011","AKR5043754583","Ｃｒａｂ　Ｓｈｒｉｍｐ","2025-12-10","PayPay","","一括","2400","課税",""
"2025-12-25","046981968011","AKR5043754583","Ｃｒａｂ　Ｓｈｒｉｍｐ","2025-12-10","QUICPay","3***","","1350","非課税",""
"2025-12-25","046981968011","AKR5043754583","Ｃｒａｂ　Ｓｈｒｉｍｐ","2025-12-10","交通系電子マネー","3871","","1750","課税",""
"2025-12-25","046981968011","AKR5043754583","Ｃｒａｂ　Ｓｈｒｉｍｐ","2025-12-10","American Express","1006","一括","22472","非課税",""
"2025-12-25","046981968011","AKR5043754583","Ｃｒａｂ　Ｓｈｒｉｍｐ","2025-12-10","JCB","9479","一括","18612","非課税",""
"2025-12-25","046981968011","AKR5043754583","Ｃｒａｂ　Ｓｈｒｉｍｐ","2025-12-10","Mastercard(R)","7006","一括","39000","非課税",""
"2025-12-25","046981968011","AKR5043754583","Ｃｒａｂ　Ｓｈｒｉｍｐ","2025-12-10","Visa","5186","一括","11572","非課税",""
"2025-12-25","046981968011","AKR5043754583","Ｃｒａｂ　Ｓｈｒｉｍｐ","2025-12-10","Visa","3014","一括","10824","非課税",""
"2025-12-25","046981968011","AKR5043754583","Ｃｒａｂ　Ｓｈｒｉｍｐ","2025-12-10","Visa","9765","一括","11770","非課税",""
"2025-12-25","046981968011","AKR5043754583","Ｃｒａｂ　Ｓｈｒｉｍｐ","2025-12-10","Mastercard(R)","3406","一括","3800","非課税",""
"2025-12-25","046981968011","AKR5043754583","Ｃｒａｂ　Ｓｈｒｉｍｐ","2025-12-10","Visa","9095","一括","19657","非課税",""
"2025-12-25","046981968011","AKR5043754583","Ｃｒａｂ　Ｓｈｒｉｍｐ","2025-12-10","Visa","7001","一括","1200","非課税",""
"2025-12-25","046981968011","AKR5043754583","Ｃｒａｂ　Ｓｈｒｉｍｐ","2025-12-10","Visa","5769","一括","15459","非課税",""
"2025-12-15","046981968011","AKR5043754583","Ｃｒａｂ　Ｓｈｒｉｍｐ","2025-12-09","楽天ペイ","","一括","1200","課税",""
"2025-12-15","046981968011","AKR5043754583","Ｃｒａｂ　Ｓｈｒｉｍｐ","2025-12-09","PayPay","","一括","1200","課税",""
"2025-12-15","046981968011","AKR5043754583","Ｃｒａｂ　Ｓｈｒｉｍｐ","2025-12-09","PayPay","","一括","1200","課税",""
"2025-12-15","046981968011","AKR5043754583","Ｃｒａｂ　Ｓｈｒｉｍｐ","2025-12-09","交通系電子マネー","6093","","7469","課税",""
"2025-12-15","046981968011","AKR5043754583","Ｃｒａｂ　Ｓｈｒｉｍｐ","2025-12-09","JCB","1014","一括","10560","非課税",""
"2025-12-15","046981968011","AKR5043754583","Ｃｒａｂ　Ｓｈｒｉｍｐ","2025-12-09","JCB","1288","一括","20812","非課税",""
"2025-12-15","046981968011","AKR5043754583","Ｃｒａｂ　Ｓｈｒｉｍｐ","2025-12-09","JCB","6615","一括","18832","非課税",""
"2025-12-15","046981968011","AKR5043754583","Ｃｒａｂ　Ｓｈｒｉｍｐ","2025-12-09","Visa","1004","一括","2321","非課税",""
"2025-12-15","046981968011","AKR5043754583","Ｃｒａｂ　Ｓｈｒｉｍｐ","2025-12-09","American Express","2005","一括","4921","非課税",""
"2025-12-15","046981968011","AKR5043754583","Ｃｒａｂ　Ｓｈｒｉｍｐ","2025-12-09","American Express","2001","一括","1200","非課税",""
"2025-12-15","046981968011","AKR5043754583","Ｃｒａｂ　Ｓｈｒｉｍｐ","2025-12-09","Visa","2928","一括","1200","非課税",""
"2025-12-15","046981968011","AKR5043754583","Ｃｒａｂ　Ｓｈｒｉｍｐ","2025-12-08","Smart Code","","一括","1450","課税",""
"2025-12-15","046981968011","AKR5043754583","Ｃｒａｂ　Ｓｈｒｉｍｐ","2025-12-08","PayPay","","一括","14696","課税",""
"2025-12-15","046981968011","AKR5043754583","Ｃｒａｂ　Ｓｈｒｉｍｐ","2025-12-08","PayPay","","一括","5950","課税",""
"2025-12-15","046981968011","AKR5043754583","Ｃｒａｂ　Ｓｈｒｉｍｐ","2025-12-08","PayPay","","一括","1200","課税",""
"2025-12-15","046981968011","AKR5043754583","Ｃｒａｂ　Ｓｈｒｉｍｐ","2025-12-08","Visa","1621","一括","20957","非課税",""
"2025-12-15","046981968011","AKR5043754583","Ｃｒａｂ　Ｓｈｒｉｍｐ","2025-12-08","Mastercard(R)","4035","一括","38676","非課税",""
"2025-12-15","046981968011","AKR5043754583","Ｃｒａｂ　Ｓｈｒｉｍｐ","2025-12-08","Mastercard(R)","3004","一括","19512","非課税",""
"2025-12-15","046981968011","AKR5043754583","Ｃｒａｂ　Ｓｈｒｉｍｐ","2025-12-08","American Express","2036","一括","20497","非課税",""
"2025-12-15","046981968011","AKR5043754583","Ｃｒａｂ　Ｓｈｒｉｍｐ","2025-12-08","Visa","1650","一括","8404","非課税",""
"2025-12-15","046981968011","AKR5043754583","Ｃｒａｂ　Ｓｈｒｉｍｐ","2025-12-08","American Express","1000","一括","7304","非課税",""
"2025-12-15","046981968011","AKR5043754583","Ｃｒａｂ　Ｓｈｒｉｍｐ","2025-12-07","PayPay","","一括","20612","課税",""
"2025-12-15","046981968011","AKR5043754583","Ｃｒａｂ　Ｓｈｒｉｍｐ","2025-12-07","PayPay","","一括","1770","課税",""
"2025-12-15","046981968011","AKR5043754583","Ｃｒａｂ　Ｓｈｒｉｍｐ","2025-12-07","PayPay","","一括","28508","課税",""
"2025-12-15","046981968011","AKR5043754583","Ｃｒａｂ　Ｓｈｒｉｍｐ","2025-12-07","Visa","0160","一括","19360","非課税",""
"2025-12-15","046981968011","AKR5043754583","Ｃｒａｂ　Ｓｈｒｉｍｐ","2025-12-07","Visa","8885","一括","30158","非課税",""
"2025-12-15","046981968011","AKR5043754583","Ｃｒａｂ　Ｓｈｒｉｍｐ","2025-12-07","American Express","2002","一括","32773","非課税",""
"2025-12-15","046981968011","AKR5043754583","Ｃｒａｂ　Ｓｈｒｉｍｐ","2025-12-07","JCB","7529","一括","18942","非課税",""
"2025-12-15","046981968011","AKR5043754583","Ｃｒａｂ　Ｓｈｒｉｍｐ","2025-12-07","JCB","9965","一括","16352","非課税",""
"2025-12-15","046981968011","AKR5043754583","Ｃｒａｂ　Ｓｈｒｉｍｐ","2025-12-07","Visa","0658","一括","21012","非課税",""
"2025-12-15","046981968011","AKR5043754583","Ｃｒａｂ　Ｓｈｒｉｍｐ","2025-12-07","Visa","2891","一括","16577","非課税",""
"2025-12-15","046981968011","AKR5043754583","Ｃｒａｂ　Ｓｈｒｉｍｐ","2025-12-07","Visa","4497","一括","12919","非課税",""
"2025-12-15","046981968011","AKR5043754583","Ｃｒａｂ　Ｓｈｒｉｍｐ","2025-12-07","American Express","4608","一括","8348","非課税",""
"2025-12-15","046981968011","AKR5043754583","Ｃｒａｂ　Ｓｈｒｉｍｐ","2025-12-07","Visa","1572","一括","19668","非課税",""
"2025-12-15","046981968011","AKR5043754583","Ｃｒａｂ　Ｓｈｒｉｍｐ","2025-12-07","Visa","9206","一括","15512","非課税",""
"2025-12-15","046981968011","AKR5043754583","Ｃｒａｂ　Ｓｈｒｉｍｐ","2025-12-07","Visa","5589","一括","14559","非課税",""
"2025-12-15","046981968011","AKR5043754583","Ｃｒａｂ　Ｓｈｒｉｍｐ","2025-12-06","楽天ペイ","","一括","20660","課税",""
"2025-12-15","046981968011","AKR5043754583","Ｃｒａｂ　Ｓｈｒｉｍｐ","2025-12-06","PayPay","","一括","35024","課税",""
"2025-12-15","046981968011","AKR5043754583","Ｃｒａｂ　Ｓｈｒｉｍｐ","2025-12-06","Visa","4112","一括","18667","非課税",""
"2025-12-15","046981968011","AKR5043754583","Ｃｒａｂ　Ｓｈｒｉｍｐ","2025-12-06","Mastercard(R)","4748","一括","16642","非課税",""
"2025-12-15","046981968011","AKR5043754583","Ｃｒａｂ　Ｓｈｒｉｍｐ","2025-12-06","American Express","3007","一括","18058","非課税",""
"2025-12-15","046981968011","AKR5043754583","Ｃｒａｂ　Ｓｈｒｉｍｐ","2025-12-06","Visa","8488","一括","21912","非課税",""
"2025-12-15","046981968011","AKR5043754583","Ｃｒａｂ　Ｓｈｒｉｍｐ","2025-12-06","JCB","6632","一括","22462","非課税",""
"2025-12-15","046981968011","AKR5043754583","Ｃｒａｂ　Ｓｈｒｉｍｐ","2025-12-06","Visa","5095","一括","7029","非課税",""
"2025-12-15","046981968011","AKR5043754583","Ｃｒａｂ　Ｓｈｒｉｍｐ","2025-12-06","JCB","1211","一括","8294","非課税",""
"2025-12-15","046981968011","AKR5043754583","Ｃｒａｂ　Ｓｈｒｉｍｐ","2025-12-05","PayPay","","一括","12012","課税",""
"2025-12-15","046981968011","AKR5043754583","Ｃｒａｂ　Ｓｈｒｉｍｐ","2025-12-05","PayPay","","一括","13134","課税",""
"2025-12-15","046981968011","AKR5043754583","Ｃｒａｂ　Ｓｈｒｉｍｐ","2025-12-05","PayPay","","一括","9856","課税",""
"2025-12-15","046981968011","AKR5043754583","Ｃｒａｂ　Ｓｈｒｉｍｐ","2025-12-05","PayPay","","一括","30054","課税",""
"2025-12-15","046981968011","AKR5043754583","Ｃｒａｂ　Ｓｈｒｉｍｐ","2025-12-05","PayPay","","一括","15312","課税",""
"2025-12-15","046981968011","AKR5043754583","Ｃｒａｂ　Ｓｈｒｉｍｐ","2025-12-05","PayPay","","一括","18732","課税",""
"2025-12-15","046981968011","AKR5043754583","Ｃｒａｂ　Ｓｈｒｉｍｐ","2025-12-05","PayPay","","一括","1200","課税",""
"2025-12-15","046981968011","AKR5043754583","Ｃｒａｂ　Ｓｈｒｉｍｐ","2025-12-05","QUICPay","4***","","16819","非課税",""
"2025-12-15","046981968011","AKR5043754583","Ｃｒａｂ　Ｓｈｒｉｍｐ","2025-12-05","Visa","4518","一括","30569","非課税",""
"2025-12-15","046981968011","AKR5043754583","Ｃｒａｂ　Ｓｈｒｉｍｐ","2025-12-05","Visa","1300","一括","44400","非課税",""
"2025-12-15","046981968011","AKR5043754583","Ｃｒａｂ　Ｓｈｒｉｍｐ","2025-12-05","Visa","3179","一括","24090","非課税",""
"2025-12-15","046981968011","AKR5043754583","Ｃｒａｂ　Ｓｈｒｉｍｐ","2025-12-05","Mastercard(R)","2837","一括","12342","非課税",""
"2025-12-15","046981968011","AKR5043754583","Ｃｒａｂ　Ｓｈｒｉｍｐ","2025-12-05","JCB","4044","一括","5965","非課税",""
"2025-12-15","046981968011","AKR5043754583","Ｃｒａｂ　Ｓｈｒｉｍｐ","2025-12-05","American Express","1006","一括","3613","非課税",""
"2025-12-15","046981968011","AKR5043754583","Ｃｒａｂ　Ｓｈｒｉｍｐ","2025-12-05","Visa","4112","一括","3981","非課税",""
"2025-12-15","046981968011","AKR5043754583","Ｃｒａｂ　Ｓｈｒｉｍｐ","2025-12-04","楽天ペイ","","一括","1200","課税",""
"2025-12-15","046981968011","AKR5043754583","Ｃｒａｂ　Ｓｈｒｉｍｐ","2025-12-04","PayPay","","一括","15972","課税",""
"2025-12-15","046981968011","AKR5043754583","Ｃｒａｂ　Ｓｈｒｉｍｐ","2025-12-04","PayPay","","一括","1200","課税",""
"2025-12-15","046981968011","AKR5043754583","Ｃｒａｂ　Ｓｈｒｉｍｐ","2025-12-04","PayPay","","一括","1200","課税",""
"2025-12-15","046981968011","AKR5043754583","Ｃｒａｂ　Ｓｈｒｉｍｐ","2025-12-04","PayPay","","一括","3600","課税",""
"2025-12-15","046981968011","AKR5043754583","Ｃｒａｂ　Ｓｈｒｉｍｐ","2025-12-04","Visa","8195","一括","25289","非課税",""
"2025-12-15","046981968011","AKR5043754583","Ｃｒａｂ　Ｓｈｒｉｍｐ","2025-12-04","Visa","2605","一括","23177","非課税",""
"2025-12-15","046981968011","AKR5043754583","Ｃｒａｂ　Ｓｈｒｉｍｐ","2025-12-04","American Express","1001","一括","14806","非課税",""
"2025-12-15","046981968011","AKR5043754583","Ｃｒａｂ　Ｓｈｒｉｍｐ","2025-12-04","JCB","7030","一括","10384","非課税",""
"2025-12-15","046981968011","AKR5043754583","Ｃｒａｂ　Ｓｈｒｉｍｐ","2025-12-04","Visa","1441","一括","5839","非課税",""
"2025-12-15","046981968011","AKR5043754583","Ｃｒａｂ　Ｓｈｒｉｍｐ","2025-12-04","Visa","4818","一括","6423","非課税",""
"2025-12-15","046981968011","AKR5043754583","Ｃｒａｂ　Ｓｈｒｉｍｐ","2025-12-04","Visa","6070","一括","2400","非課税",""
"2025-12-15","046981968011","AKR5043754583","Ｃｒａｂ　Ｓｈｒｉｍｐ","2025-12-04","Visa","0368","一括","15642","非課税",""
"2025-12-15","046981968011","AKR5043754583","Ｃｒａｂ　Ｓｈｒｉｍｐ","2025-12-04","Visa","2219","一括","1200","非課税",""
"2025-12-15","046981968011","AKR5043754583","Ｃｒａｂ　Ｓｈｒｉｍｐ","2025-12-04","American Express","2003","一括","2400","非課税",""
"2025-12-15","046981968011","AKR5043754583","Ｃｒａｂ　Ｓｈｒｉｍｐ","2025-12-03","PayPay","","一括","39824","課税",""
"2025-12-15","046981968011","AKR5043754583","Ｃｒａｂ　Ｓｈｒｉｍｐ","2025-12-03","PayPay","","一括","1200","課税",""
"2025-12-15","046981968011","AKR5043754583","Ｃｒａｂ　Ｓｈｒｉｍｐ","2025-12-03","PayPay","","一括","1200","課税",""
"2025-12-15","046981968011","AKR5043754583","Ｃｒａｂ　Ｓｈｒｉｍｐ","2025-12-03","QUICPay","7***","","1200","非課税",""
"2025-12-15","046981968011","AKR5043754583","Ｃｒａｂ　Ｓｈｒｉｍｐ","2025-12-03","American Express","1005","一括","31988","非課税",""
"2025-12-15","046981968011","AKR5043754583","Ｃｒａｂ　Ｓｈｒｉｍｐ","2025-12-03","Visa","0795","一括","20251","非課税",""
"2025-12-15","046981968011","AKR5043754583","Ｃｒａｂ　Ｓｈｒｉｍｐ","2025-12-03","Visa","1118","一括","92560","非課税",""
"2025-12-15","046981968011","AKR5043754583","Ｃｒａｂ　Ｓｈｒｉｍｐ","2025-12-03","American Express","5007","一括","14728","非課税",""
"2025-12-15","046981968011","AKR5043754583","Ｃｒａｂ　Ｓｈｒｉｍｐ","2025-12-03","Visa","4854","一括","2400","非課税",""
"2025-12-15","046981968011","AKR5043754583","Ｃｒａｂ　Ｓｈｒｉｍｐ","2025-12-03","Visa","9833","一括","18612","非課税",""
"2025-12-15","046981968011","AKR5043754583","Ｃｒａｂ　Ｓｈｒｉｍｐ","2025-12-03","Visa","3393","一括","7656","非課税",""
"2025-12-15","046981968011","AKR5043754583","Ｃｒａｂ　Ｓｈｒｉｍｐ","2025-12-03","Mastercard(R)","9661","一括","1200","非課税",""
"2025-12-15","046981968011","AKR5043754583","Ｃｒａｂ　Ｓｈｒｉｍｐ","2025-12-03","JCB","1126","一括","1200","非課税",""
"2025-12-15","046981968011","AKR5043754583","Ｃｒａｂ　Ｓｈｒｉｍｐ","2025-12-02","楽天ペイ","","一括","1200","課税",""
"2025-12-15","046981968011","AKR5043754583","Ｃｒａｂ　Ｓｈｒｉｍｐ","2025-12-02","iD","4***","一括","2645","非課税",""
"2025-12-15","046981968011","AKR5043754583","Ｃｒａｂ　Ｓｈｒｉｍｐ","2025-12-02","Visa","1949","一括","28265","非課税",""
"2025-12-15","046981968011","AKR5043754583","Ｃｒａｂ　Ｓｈｒｉｍｐ","2025-12-02","Visa","8003","一括","10859","非課税",""
"2025-12-15","046981968011","AKR5043754583","Ｃｒａｂ　Ｓｈｒｉｍｐ","2025-12-02","American Express","2016","一括","19162","非課税",""
"2025-12-15","046981968011","AKR5043754583","Ｃｒａｂ　Ｓｈｒｉｍｐ","2025-12-01","PayPay","","一括","8360","課税",""
"2025-12-15","046981968011","AKR5043754583","Ｃｒａｂ　Ｓｈｒｉｍｐ","2025-12-01","PayPay","","一括","2400","課税",""
"2025-12-15","046981968011","AKR5043754583","Ｃｒａｂ　Ｓｈｒｉｍｐ","2025-12-01","Visa","1227","一括","15717","非課税",""
"2025-12-15","046981968011","AKR5043754583","Ｃｒａｂ　Ｓｈｒｉｍｐ","2025-12-01","American Express","1009","一括","4279","非課税",""
"2025-12-15","046981968011","AKR5043754583","Ｃｒａｂ　Ｓｈｒｉｍｐ","2025-12-01","Visa","6867","一括","10798","非課税",""
"2025-12-15","046981968011","AKR5043754583","Ｃｒａｂ　Ｓｈｒｉｍｐ","2025-12-01","Visa","7377","一括","5569","非課税",""
"2025-12-15","046981968011","AKR5043754583","Ｃｒａｂ　Ｓｈｒｉｍｐ","2025-12-01","Visa","3356","一括","23012","非課税",""
"2025-12-15","046981968011","AKR5043754583","Ｃｒａｂ　Ｓｈｒｉｍｐ","2025-11-30","PayPay","","一括","7381","課税",""
"2025-12-15","046981968011","AKR5043754583","Ｃｒａｂ　Ｓｈｒｉｍｐ","2025-11-30","Visa","7839","一括","46004","非課税",""
"2025-12-15","046981968011","AKR5043754583","Ｃｒａｂ　Ｓｈｒｉｍｐ","2025-11-30","Visa","5054","一括","17622","非課税",""
"2025-12-15","046981968011","AKR5043754583","Ｃｒａｂ　Ｓｈｒｉｍｐ","2025-11-30","Visa","7603","一括","9817","非課税",""
"2025-12-15","046981968011","AKR5043754583","Ｃｒａｂ　Ｓｈｒｉｍｐ","2025-11-30","American Express","2001","一括","16885","非課税",""
"2025-12-15","046981968011","AKR5043754583","Ｃｒａｂ　Ｓｈｒｉｍｐ","2025-11-30","Mastercard(R)","8674","一括","35497","非課税",""
"2025-12-15","046981968011","AKR5043754583","Ｃｒａｂ　Ｓｈｒｉｍｐ","2025-11-30","Visa","7360","一括","12000","非課税",""
"2025-12-15","046981968011","AKR5043754583","Ｃｒａｂ　Ｓｈｒｉｍｐ","2025-11-30","American Express","1005","一括","15752","非課税",""
"2025-12-15","046981968011","AKR5043754583","Ｃｒａｂ　Ｓｈｒｉｍｐ","2025-11-30","American Express","1000","一括","3531","非課税",""
"2025-12-15","046981968011","AKR5043754583","Ｃｒａｂ　Ｓｈｒｉｍｐ","2025-11-30","JCB","9758","一括","3478","非課税",""
"2025-12-05","046981968011","AKR5043754583","Ｃｒａｂ　Ｓｈｒｉｍｐ","2025-11-29","PayPay","","一括","20812","課税",""
"2025-12-05","046981968011","AKR5043754583","Ｃｒａｂ　Ｓｈｒｉｍｐ","2025-11-29","d払い","","一括","31056","課税",""
"2025-12-05","046981968011","AKR5043754583","Ｃｒａｂ　Ｓｈｒｉｍｐ","2025-11-29","JCB","1082","一括","21177","非課税",""
"2025-12-05","046981968011","AKR5043754583","Ｃｒａｂ　Ｓｈｒｉｍｐ","2025-11-29","Mastercard(R)","1962","一括","16797","非課税",""
"2025-12-05","046981968011","AKR5043754583","Ｃｒａｂ　Ｓｈｒｉｍｐ","2025-11-29","Visa","2040","一括","23154","非課税",""
"2025-12-05","046981968011","AKR5043754583","Ｃｒａｂ　Ｓｈｒｉｍｐ","2025-11-29","Visa","3684","一括","6798","非課税",""
"2025-12-05","046981968011","AKR5043754583","Ｃｒａｂ　Ｓｈｒｉｍｐ","2025-11-29","Visa","2256","一括","26510","非課税",""
"2025-12-05","046981968011","AKR5043754583","Ｃｒａｂ　Ｓｈｒｉｍｐ","2025-11-29","Visa","0800","一括","17200","非課税",""
"2025-12-05","046981968011","AKR5043754583","Ｃｒａｂ　Ｓｈｒｉｍｐ","2025-11-29","Visa","4363","一括","16907","非課税",""
"2025-12-05","046981968011","AKR5043754583","Ｃｒａｂ　Ｓｈｒｉｍｐ","2025-11-29","Visa","8652","一括","15597","非課税",""
"2025-12-05","046981968011","AKR5043754583","Ｃｒａｂ　Ｓｈｒｉｍｐ","2025-11-29","Mastercard(R)","6077","一括","14718","非課税",""
"2025-12-05","046981968011","AKR5043754583","Ｃｒａｂ　Ｓｈｒｉｍｐ","2025-11-29","JCB","7015","一括","16412","非課税",""
"2025-12-05","046981968011","AKR5043754583","Ｃｒａｂ　Ｓｈｒｉｍｐ","2025-11-29","American Express","3505","一括","6290","非課税",""
"2025-12-05","046981968011","AKR5043754583","Ｃｒａｂ　Ｓｈｒｉｍｐ","2025-11-29","Visa","7389","一括","26967","非課税",""
"2025-12-05","046981968011","AKR5043754583","Ｃｒａｂ　Ｓｈｒｉｍｐ","2025-11-29","JCB","5882","一括","2900","非課税",""
"2025-12-05","046981968011","AKR5043754583","Ｃｒａｂ　Ｓｈｒｉｍｐ","2025-11-29","Mastercard(R)","5073","一括","15458","非課税",""
"2025-12-05","046981968011","AKR5043754583","Ｃｒａｂ　Ｓｈｒｉｍｐ","2025-11-29","Mastercard(R)","0036","一括","16577","非課税",""
"2025-12-05","046981968011","AKR5043754583","Ｃｒａｂ　Ｓｈｒｉｍｐ","2025-11-29","Mastercard(R)","1679","一括","24948","非課税",""
"2025-12-05","046981968011","AKR5043754583","Ｃｒａｂ　Ｓｈｒｉｍｐ","2025-11-29","Visa","3260","一括","2400","非課税",""
"2025-12-05","046981968011","AKR5043754583","Ｃｒａｂ　Ｓｈｒｉｍｐ","2025-11-29","Visa","6002","一括","2400","非課税",""
"2025-12-05","046981968011","AKR5043754583","Ｃｒａｂ　Ｓｈｒｉｍｐ","2025-11-28","PayPay","","一括","38500","課税",""
"2025-12-05","046981968011","AKR5043754583","Ｃｒａｂ　Ｓｈｒｉｍｐ","2025-11-28","PayPay","","一括","13682","課税",""
"2025-12-05","046981968011","AKR5043754583","Ｃｒａｂ　Ｓｈｒｉｍｐ","2025-11-28","PayPay","","一括","19822","課税",""
"2025-12-05","046981968011","AKR5043754583","Ｃｒａｂ　Ｓｈｒｉｍｐ","2025-11-28","PayPay","","一括","1200","課税",""
"2025-12-05","046981968011","AKR5043754583","Ｃｒａｂ　Ｓｈｒｉｍｐ","2025-11-28","PayPay","","一括","1200","課税",""
"2025-12-05","046981968011","AKR5043754583","Ｃｒａｂ　Ｓｈｒｉｍｐ","2025-11-28","Visa","4532","一括","11550","非課税",""
"2025-12-05","046981968011","AKR5043754583","Ｃｒａｂ　Ｓｈｒｉｍｐ","2025-11-28","Visa","2165","一括","5841","非課税",""
"2025-12-05","046981968011","AKR5043754583","Ｃｒａｂ　Ｓｈｒｉｍｐ","2025-11-28","Visa","2902","一括","7087","非課税",""
"2025-12-05","046981968011","AKR5043754583","Ｃｒａｂ　Ｓｈｒｉｍｐ","2025-11-28","Mastercard(R)","3823","一括","12012","非課税",""
"2025-12-05","046981968011","AKR5043754583","Ｃｒａｂ　Ｓｈｒｉｍｐ","2025-11-28","American Express","1006","一括","10110","非課税",""
"2025-12-05","046981968011","AKR5043754583","Ｃｒａｂ　Ｓｈｒｉｍｐ","2025-11-28","Visa","7968","一括","16005","非課税",""
"2025-12-05","046981968011","AKR5043754583","Ｃｒａｂ　Ｓｈｒｉｍｐ","2025-11-28","Mastercard(R)","5620","一括","38424","非課税",""
"2025-12-05","046981968011","AKR5043754583","Ｃｒａｂ　Ｓｈｒｉｍｐ","2025-11-28","Visa","0055","一括","15312","非課税",""
"2025-12-05","046981968011","AKR5043754583","Ｃｒａｂ　Ｓｈｒｉｍｐ","2025-11-28","Mastercard(R)","9006","一括","5782","非課税",""
"2025-12-05","046981968011","AKR5043754583","Ｃｒａｂ　Ｓｈｒｉｍｐ","2025-11-28","Mastercard(R)","8108","一括","20218","非課税",""
"2025-12-05","046981968011","AKR5043754583","Ｃｒａｂ　Ｓｈｒｉｍｐ","2025-11-27","PayPay","","一括","1480","課税",""
"2025-12-05","046981968011","AKR5043754583","Ｃｒａｂ　Ｓｈｒｉｍｐ","2025-11-27","iD","1***","一括","20812","非課税",""
"2025-12-05","046981968011","AKR5043754583","Ｃｒａｂ　Ｓｈｒｉｍｐ","2025-11-27","Visa","4048","一括","12716","非課税",""
"2025-12-05","046981968011","AKR5043754583","Ｃｒａｂ　Ｓｈｒｉｍｐ","2025-11-27","American Express","1008","一括","20570","非課税",""
"2025-12-05","046981968011","AKR5043754583","Ｃｒａｂ　Ｓｈｒｉｍｐ","2025-11-27","American Express","1008","一括","27500","非課税",""
"2025-12-05","046981968011","AKR5043754583","Ｃｒａｂ　Ｓｈｒｉｍｐ","2025-11-27","American Express","4003","一括","12872","非課税",""
"2025-12-05","046981968011","AKR5043754583","Ｃｒａｂ　Ｓｈｒｉｍｐ","2025-11-27","JCB","1070","一括","55000","非課税",""
"2025-12-05","046981968011","AKR5043754583","Ｃｒａｂ　Ｓｈｒｉｍｐ","2025-11-27","Visa","2881","一括","15477","非課税",""
"2025-12-05","046981968011","AKR5043754583","Ｃｒａｂ　Ｓｈｒｉｍｐ","2025-11-26","PayPay","","一括","16412","課税",""
"2025-12-05","046981968011","AKR5043754583","Ｃｒａｂ　Ｓｈｒｉｍｐ","2025-11-26","Mastercard(R)","5347","一括","33970","非課税",""
"2025-12-05","046981968011","AKR5043754583","Ｃｒａｂ　Ｓｈｒｉｍｐ","2025-11-26","Visa","9973","一括","13960","非課税",""
"2025-12-05","046981968011","AKR5043754583","Ｃｒａｂ　Ｓｈｒｉｍｐ","2025-11-26","Mastercard(R)","4194","一括","45759","非課税",""
"2025-12-05","046981968011","AKR5043754583","Ｃｒａｂ　Ｓｈｒｉｍｐ","2025-11-26","Visa","8221","一括","18557","非課税",""
"2025-12-05","046981968011","AKR5043754583","Ｃｒａｂ　Ｓｈｒｉｍｐ","2025-11-26","Visa","8606","一括","13915","非課税",""
"2025-12-05","046981968011","AKR5043754583","Ｃｒａｂ　Ｓｈｒｉｍｐ","2025-11-26","American Express","3009","一括","3508","非課税",""
"2025-12-05","046981968011","AKR5043754583","Ｃｒａｂ　Ｓｈｒｉｍｐ","2025-11-26","JCB","1023","一括","12023","非課税",""
"2025-12-05","046981968011","AKR5043754583","Ｃｒａｂ　Ｓｈｒｉｍｐ","2025-11-26","American Express","1072","一括","10725","非課税",""
"2025-12-05","046981968011","AKR5043754583","Ｃｒａｂ　Ｓｈｒｉｍｐ","2025-11-25","JCB","2811","一括","19250","非課税",""
"2025-12-05","046981968011","AKR5043754583","Ｃｒａｂ　Ｓｈｒｉｍｐ","2025-11-25","American Express","1007","一括","20022","非課税",""
"2025-12-05","046981968011","AKR5043754583","Ｃｒａｂ　Ｓｈｒｉｍｐ","2025-11-25","Visa","1056","一括","11700","非課税",""
"2025-12-05","046981968011","AKR5043754583","Ｃｒａｂ　Ｓｈｒｉｍｐ","2025-11-25","Visa","5514","一括","17512","非課税",""
"2025-12-05","046981968011","AKR5043754583","Ｃｒａｂ　Ｓｈｒｉｍｐ","2025-11-24","Visa","2902","一括","15368","非課税",""
"2025-12-05","046981968011","AKR5043754583","Ｃｒａｂ　Ｓｈｒｉｍｐ","2025-11-24","Visa","1006","一括","10494","非課税",""
"2025-12-05","046981968011","AKR5043754583","Ｃｒａｂ　Ｓｈｒｉｍｐ","2025-11-24","Visa","4968","一括","18282","非課税",""
"2025-12-05","046981968011","AKR5043754583","Ｃｒａｂ　Ｓｈｒｉｍｐ","2025-11-24","Mastercard(R)","9281","一括","13466","非課税",""
"2025-12-05","046981968011","AKR5043754583","Ｃｒａｂ　Ｓｈｒｉｍｐ","2025-11-24","Visa","9353","一括","15618","非課税",""
"2025-12-05","046981968011","AKR5043754583","Ｃｒａｂ　Ｓｈｒｉｍｐ","2025-11-24","Visa","3672","一括","16115","非課税",""
"2025-12-05","046981968011","AKR5043754583","Ｃｒａｂ　Ｓｈｒｉｍｐ","2025-11-24","Visa","3326","一括","53619","非課税",""
"2025-12-05","046981968011","AKR5043754583","Ｃｒａｂ　Ｓｈｒｉｍｐ","2025-11-23","楽天ペイ","","一括","10857","課税",""
"2025-12-05","046981968011","AKR5043754583","Ｃｒａｂ　Ｓｈｒｉｍｐ","2025-11-23","PayPay","","一括","25212","課税",""
"2025-12-05","046981968011","AKR5043754583","Ｃｒａｂ　Ｓｈｒｉｍｐ","2025-11-23","PayPay","","一括","18969","課税",""
"2025-12-05","046981968011","AKR5043754583","Ｃｒａｂ　Ｓｈｒｉｍｐ","2025-11-23","PayPay","","一括","16137","課税",""
"2025-12-05","046981968011","AKR5043754583","Ｃｒａｂ　Ｓｈｒｉｍｐ","2025-11-23","PayPay","","一括","1848","課税",""
"2025-12-05","046981968011","AKR5043754583","Ｃｒａｂ　Ｓｈｒｉｍｐ","2025-11-23","PayPay","","一括","1080","課税",""
"2025-12-05","046981968011","AKR5043754583","Ｃｒａｂ　Ｓｈｒｉｍｐ","2025-11-23","iD","2***","一括","7716","非課税",""
"2025-12-05","046981968011","AKR5043754583","Ｃｒａｂ　Ｓｈｒｉｍｐ","2025-11-23","JCB","1081","一括","21820","非課税",""
"2025-12-05","046981968011","AKR5043754583","Ｃｒａｂ　Ｓｈｒｉｍｐ","2025-11-23","Visa","0723","一括","17503","非課税",""
"2025-12-05","046981968011","AKR5043754583","Ｃｒａｂ　Ｓｈｒｉｍｐ","2025-11-23","Visa","2556","一括","10439","非課税",""
"2025-12-05","046981968011","AKR5043754583","Ｃｒａｂ　Ｓｈｒｉｍｐ","2025-11-23","Visa","3008","一括","18212","非課税",""
"2025-12-05","046981968011","AKR5043754583","Ｃｒａｂ　Ｓｈｒｉｍｐ","2025-11-23","JCB","3031","一括","19547","非課税",""
"2025-12-05","046981968011","AKR5043754583","Ｃｒａｂ　Ｓｈｒｉｍｐ","2025-11-23","JCB","1165","一括","18612","非課税",""
"2025-12-05","046981968011","AKR5043754583","Ｃｒａｂ　Ｓｈｒｉｍｐ","2025-11-23","JCB","0400","一括","18275","非課税",""
"2025-12-05","046981968011","AKR5043754583","Ｃｒａｂ　Ｓｈｒｉｍｐ","2025-11-23","American Express","1005","一括","21362","非課税",""
"2025-12-05","046981968011","AKR5043754583","Ｃｒａｂ　Ｓｈｒｉｍｐ","2025-11-22","PayPay","","一括","19536","課税",""
"2025-12-05","046981968011","AKR5043754583","Ｃｒａｂ　Ｓｈｒｉｍｐ","2025-11-22","PayPay","","一括","19337","課税",""
"2025-12-05","046981968011","AKR5043754583","Ｃｒａｂ　Ｓｈｒｉｍｐ","2025-11-22","QUICPay","8***","","5159","非課税",""
"2025-12-05","046981968011","AKR5043754583","Ｃｒａｂ　Ｓｈｒｉｍｐ","2025-11-22","iD","2***","一括","18062","非課税",""
"2025-12-05","046981968011","AKR5043754583","Ｃｒａｂ　Ｓｈｒｉｍｐ","2025-11-22","JCB","0046","一括","10703","非課税",""
"2025-12-05","046981968011","AKR5043754583","Ｃｒａｂ　Ｓｈｒｉｍｐ","2025-11-22","American Express","4100","一括","33268","非課税",""
"2025-12-05","046981968011","AKR5043754583","Ｃｒａｂ　Ｓｈｒｉｍｐ","2025-11-22","Visa","9170","一括","26312","非課税",""
"2025-12-05","046981968011","AKR5043754583","Ｃｒａｂ　Ｓｈｒｉｍｐ","2025-11-22","JCB","3598","一括","3007","非課税",""
"2025-12-05","046981968011","AKR5043754583","Ｃｒａｂ　Ｓｈｒｉｍｐ","2025-11-22","Mastercard(R)","4813","一括","21912","非課税",""
"2025-12-05","046981968011","AKR5043754583","Ｃｒａｂ　Ｓｈｒｉｍｐ","2025-11-22","Visa","7789","一括","10969","非課税",""
"2025-12-05","046981968011","AKR5043754583","Ｃｒａｂ　Ｓｈｒｉｍｐ","2025-11-22","Visa","6923","一括","9614","非課税",""
"2025-12-05","046981968011","AKR5043754583","Ｃｒａｂ　Ｓｈｒｉｍｐ","2025-11-22","Visa","7196","一括","19612","非課税",""
"2025-12-05","046981968011","AKR5043754583","Ｃｒａｂ　Ｓｈｒｉｍｐ","2025-11-22","Visa","6052","一括","18557","非課税",""
"2025-12-05","046981968011","AKR5043754583","Ｃｒａｂ　Ｓｈｒｉｍｐ","2025-11-22","Visa","7416","一括","15559","非課税",""
"2025-12-05","046981968011","AKR5043754583","Ｃｒａｂ　Ｓｈｒｉｍｐ","2025-11-22","Visa","4718","一括","10860","非課税",""
"2025-12-05","046981968011","AKR5043754583","Ｃｒａｂ　Ｓｈｒｉｍｐ","2025-11-22","JCB","1204","一括","20042","非課税",""
"2025-12-05","046981968011","AKR5043754583","Ｃｒａｂ　Ｓｈｒｉｍｐ","2025-11-21","PayPay","","一括","7651","課税",""
"2025-12-05","046981968011","AKR5043754583","Ｃｒａｂ　Ｓｈｒｉｍｐ","2025-11-21","PayPay","","一括","1180","課税",""
"2025-12-05","046981968011","AKR5043754583","Ｃｒａｂ　Ｓｈｒｉｍｐ","2025-11-21","PayPay","","一括","1480","課税",""
"2025-12-05","046981968011","AKR5043754583","Ｃｒａｂ　Ｓｈｒｉｍｐ","2025-11-21","American Express","9104","一括","19305","非課税",""
"2025-12-05","046981968011","AKR5043754583","Ｃｒａｂ　Ｓｈｒｉｍｐ","2025-11-21","Visa","9112","一括","26829","非課税",""
"2025-12-05","046981968011","AKR5043754583","Ｃｒａｂ　Ｓｈｒｉｍｐ","2025-11-21","Mastercard(R)","4315","一括","37224","非課税",""
"2025-12-05","046981968011","AKR5043754583","Ｃｒａｂ　Ｓｈｒｉｍｐ","2025-11-21","Mastercard(R)","4203","一括","33088","非課税",""
"2025-12-05","046981968011","AKR5043754583","Ｃｒａｂ　Ｓｈｒｉｍｐ","2025-11-21","JCB","9605","一括","10472","非課税",""
"2025-12-05","046981968011","AKR5043754583","Ｃｒａｂ　Ｓｈｒｉｍｐ","2025-11-21","American Express","5329","一括","21472","非課税",""
"2025-12-05","046981968011","AKR5043754583","Ｃｒａｂ　Ｓｈｒｉｍｐ","2025-11-21","Visa","3003","一括","17512","非課税",""
"2025-12-05","046981968011","AKR5043754583","Ｃｒａｂ　Ｓｈｒｉｍｐ","2025-11-21","American Express","1003","一括","4631","非課税",""
"2025-12-05","046981968011","AKR5043754583","Ｃｒａｂ　Ｓｈｒｉｍｐ","2025-11-21","JCB","1095","一括","26268","非課税",""
"2025-12-05","046981968011","AKR5043754583","Ｃｒａｂ　Ｓｈｒｉｍｐ","2025-11-21","Mastercard(R)","4918","一括","4410","非課税",""
"2025-12-05","046981968011","AKR5043754583","Ｃｒａｂ　Ｓｈｒｉｍｐ","2025-11-20","楽天ペイ","","一括","980","課税",""
"2025-12-05","046981968011","AKR5043754583","Ｃｒａｂ　Ｓｈｒｉｍｐ","2025-11-20","PayPay","","一括","9207","課税",""
"2025-12-05","046981968011","AKR5043754583","Ｃｒａｂ　Ｓｈｒｉｍｐ","2025-11-20","PayPay","","一括","3012","課税",""
"2025-12-05","046981968011","AKR5043754583","Ｃｒａｂ　Ｓｈｒｉｍｐ","2025-11-20","PayPay","","一括","2655","課税",""
"2025-12-05","046981968011","AKR5043754583","Ｃｒａｂ　Ｓｈｒｉｍｐ","2025-11-20","PayPay","","一括","980","課税",""
"2025-12-05","046981968011","AKR5043754583","Ｃｒａｂ　Ｓｈｒｉｍｐ","2025-11-20","PayPay","","一括","1180","課税",""
"2025-12-05","046981968011","AKR5043754583","Ｃｒａｂ　Ｓｈｒｉｍｐ","2025-11-20","QUICPay","4***","","4440","非課税",""
"2025-12-05","046981968011","AKR5043754583","Ｃｒａｂ　Ｓｈｒｉｍｐ","2025-11-20","Visa","6166","一括","49878","非課税",""
"2025-12-05","046981968011","AKR5043754583","Ｃｒａｂ　Ｓｈｒｉｍｐ","2025-11-20","Visa","3433","一括","30041","非課税",""
"2025-12-05","046981968011","AKR5043754583","Ｃｒａｂ　Ｓｈｒｉｍｐ","2025-11-20","Mastercard(R)","5202","一括","6974","非課税",""
"2025-12-05","046981968011","AKR5043754583","Ｃｒａｂ　Ｓｈｒｉｍｐ","2025-11-20","Visa","9899","一括","7236","非課税",""
"2025-12-05","046981968011","AKR5043754583","Ｃｒａｂ　Ｓｈｒｉｍｐ","2025-11-20","American Express","1009","一括","2860","非課税",""
"2025-12-05","046981968011","AKR5043754583","Ｃｒａｂ　Ｓｈｒｉｍｐ","2025-11-20","Diners Club","7281","一括","885","非課税",""

"","","","","","","","売上合計金額","5390036"
"","","","","","","","売上手数料（課税10%対象）","28163"
"","","","","","","","うち消費税額","2559"
"","","","","","","","売上手数料（非課税）","141111"
"","","","","","","","振込手数料","0"
"","","","","","","","振込金額","5220762"
"","","","","","","","振込調整金額","0"
"","","","","","","","振込確定金額","5220762"

"以下、検索時に指定した振込月の振込日の適格請求書（インボイス）をご利用いただけます。"

"株式会社ａｓｏｖｉｖａ"
"Ｃｒａｂ　Ｓｈｒｉｍｐ 御中"

"株式会社リクルート（T5010001149426）"

"振込日","加盟店番号（V/M）","店舗番号（AKR）","店舗名","取引年月日","決済ブランド","決済ブランド（カード番号下４桁）","支払区分","金額（円）","税区分","備考"
"2025-12-25","046981968011","AKR5043754583","Ｃｒａｂ　Ｓｈｒｉｍｐ","2025-12-19","楽天ペイ","","一括","950","課税",""
"2025-12-25","046981968011","AKR5043754583","Ｃｒａｂ　Ｓｈｒｉｍｐ","2025-12-19","PayPay","","一括","900","課税",""
"2025-12-25","046981968011","AKR5043754583","Ｃｒａｂ　Ｓｈｒｉｍｐ","2025-12-19","PayPay","","一括","900","課税",""
"2025-12-25","046981968011","AKR5043754583","Ｃｒａｂ　Ｓｈｒｉｍｐ","2025-12-19","d払い","","一括","19512","課税",""
"2025-12-25","046981968011","AKR5043754583","Ｃｒａｂ　Ｓｈｒｉｍｐ","2025-12-19","d払い","","一括","1800","課税",""
"2025-12-25","046981968011","AKR5043754583","Ｃｒａｂ　Ｓｈｒｉｍｐ","2025-12-19","Visa","3004","一括","20196","非課税",""
"2025-12-25","046981968011","AKR5043754583","Ｃｒａｂ　Ｓｈｒｉｍｐ","2025-12-19","Visa","5584","一括","7967","非課税",""
"2025-12-25","046981968011","AKR5043754583","Ｃｒａｂ　Ｓｈｒｉｍｐ","2025-12-19","Visa","5155","一括","73513","非課税",""
"2025-12-25","046981968011","AKR5043754583","Ｃｒａｂ　Ｓｈｒｉｍｐ","2025-12-19","Visa","5087","一括","8899","非課税",""
"2025-12-25","046981968011","AKR5043754583","Ｃｒａｂ　Ｓｈｒｉｍｐ","2025-12-19","Visa","9113","一括","9806","非課税",""
"2025-12-25","046981968011","AKR5043754583","Ｃｒａｂ　Ｓｈｒｉｍｐ","2025-12-19","Mastercard(R)","9007","一括","29268","非課税",""
"2025-12-25","046981968011","AKR5043754583","Ｃｒａｂ　Ｓｈｒｉｍｐ","2025-12-19","Diners Club","4277","一括","6369","非課税",""
"2025-12-25","046981968011","AKR5043754583","Ｃｒａｂ　Ｓｈｒｉｍｐ","2025-12-19","Visa","9690","一括","49196","非課税",""
"2025-12-25","046981968011","AKR5043754583","Ｃｒａｂ　Ｓｈｒｉｍｐ","2025-12-19","Visa","2824","一括","19912","非課税",""
"2025-12-25","046981968011","AKR5043754583","Ｃｒａｂ　Ｓｈｒｉｍｐ","2025-12-19","JCB","1000","一括","8717","非課税",""
"2025-12-25","046981968011","AKR5043754583","Ｃｒａｂ　Ｓｈｒｉｍｐ","2025-12-19","JCB","2741","一括","12786","非課税",""
"2025-12-25","046981968011","AKR5043754583","Ｃｒａｂ　Ｓｈｒｉｍｐ","2025-12-19","Visa","6894","一括","10695","非課税",""
"2025-12-25","046981968011","AKR5043754583","Ｃｒａｂ　Ｓｈｒｉｍｐ","2025-12-19","Visa","4290","一括","1936","非課税",""
"2025-12-25","046981968011","AKR5043754583","Ｃｒａｂ　Ｓｈｒｉｍｐ","2025-12-19","Visa","6361","一括","6395","非課税",""
"2025-12-25","046981968011","AKR5043754583","Ｃｒａｂ　Ｓｈｒｉｍｐ","2025-12-19","Visa","0678","一括","15312","非課税",""
"2025-12-25","046981968011","AKR5043754583","Ｃｒａｂ　Ｓｈｒｉｍｐ","2025-12-19","Visa","7598","一括","900","非課税",""
"2025-12-25","046981968011","AKR5043754583","Ｃｒａｂ　Ｓｈｒｉｍｐ","2025-12-18","d払い","","一括","17912","課税",""
"2025-12-25","046981968011","AKR5043754583","Ｃｒａｂ　Ｓｈｒｉｍｐ","2025-12-18","d払い","","一括","900","課税",""
"2025-12-25","046981968011","AKR5043754583","Ｃｒａｂ　Ｓｈｒｉｍｐ","2025-12-18","d払い","","一括","900","課税",""
"2025-12-25","046981968011","AKR5043754583","Ｃｒａｂ　Ｓｈｒｉｍｐ","2025-12-18","d払い","","一括","900","課税",""
"2025-12-25","046981968011","AKR5043754583","Ｃｒａｂ　Ｓｈｒｉｍｐ","2025-12-18","iD","6***","一括","2655","非課税",""
"2025-12-25","046981968011","AKR5043754583","Ｃｒａｂ　Ｓｈｒｉｍｐ","2025-12-18","American Express","4104","一括","11132","非課税",""
"2025-12-25","046981968011","AKR5043754583","Ｃｒａｂ　Ｓｈｒｉｍｐ","2025-12-18","Visa","1265","一括","19492","非課税",""
"2025-12-25","046981968011","AKR5043754583","Ｃｒａｂ　Ｓｈｒｉｍｐ","2025-12-18","American Express","5391","一括","8459","非課税",""
"2025-12-25","046981968011","AKR5043754583","Ｃｒａｂ　Ｓｈｒｉｍｐ","2025-12-18","Visa","3241","一括","42492","非課税",""
"2025-12-25","046981968011","AKR5043754583","Ｃｒａｂ　Ｓｈｒｉｍｐ","2025-12-18","Visa","9734","一括","29468","非課税",""
"2025-12-25","046981968011","AKR5043754583","Ｃｒａｂ　Ｓｈｒｉｍｐ","2025-12-18","Visa","9409","一括","15312","非課税",""
"2025-12-25","046981968011","AKR5043754583","Ｃｒａｂ　Ｓｈｒｉｍｐ","2025-12-18","Mastercard(R)","7094","一括","16439","非課税",""
"2025-12-25","046981968011","AKR5043754583","Ｃｒａｂ　Ｓｈｒｉｍｐ","2025-12-18","Mastercard(R)","5613","一括","7084","非課税",""
"2025-12-25","046981968011","AKR5043754583","Ｃｒａｂ　Ｓｈｒｉｍｐ","2025-12-18","American Express","9845","一括","8206","非課税",""
"2025-12-25","046981968011","AKR5043754583","Ｃｒａｂ　Ｓｈｒｉｍｐ","2025-12-18","Mastercard(R)","9018","一括","12280","非課税",""
"2025-12-25","046981968011","AKR5043754583","Ｃｒａｂ　Ｓｈｒｉｍｐ","2025-12-18","JCB","1100","一括","2700","非課税",""
"2025-12-25","046981968011","AKR5043754583","Ｃｒａｂ　Ｓｈｒｉｍｐ","2025-12-18","Mastercard(R)","1098","一括","900","非課税",""
"2025-12-25","046981968011","AKR5043754583","Ｃｒａｂ　Ｓｈｒｉｍｐ","2025-12-17","PayPay","","一括","12919","課税",""
"2025-12-25","046981968011","AKR5043754583","Ｃｒａｂ　Ｓｈｒｉｍｐ","2025-12-17","PayPay","","一括","11687","課税",""
"2025-12-25","046981968011","AKR5043754583","Ｃｒａｂ　Ｓｈｒｉｍｐ","2025-12-17","PayPay","","一括","10450","課税",""
"2025-12-25","046981968011","AKR5043754583","Ｃｒａｂ　Ｓｈｒｉｍｐ","2025-12-17","PayPay","","一括","1100","課税",""
"2025-12-25","046981968011","AKR5043754583","Ｃｒａｂ　Ｓｈｒｉｍｐ","2025-12-17","PayPay","","一括","900","課税",""
"2025-12-25","046981968011","AKR5043754583","Ｃｒａｂ　Ｓｈｒｉｍｐ","2025-12-17","Visa","8571","一括","21802","非課税",""
"2025-12-25","046981968011","AKR5043754583","Ｃｒａｂ　Ｓｈｒｉｍｐ","2025-12-17","Visa","7703","一括","38236","非課税",""
"2025-12-25","046981968011","AKR5043754583","Ｃｒａｂ　Ｓｈｒｉｍｐ","2025-12-17","Visa","8429","一括","22106","非課税",""
"2025-12-25","046981968011","AKR5043754583","Ｃｒａｂ　Ｓｈｒｉｍｐ","2025-12-17","Visa","6858","一括","7824","非課税",""
"2025-12-25","046981968011","AKR5043754583","Ｃｒａｂ　Ｓｈｒｉｍｐ","2025-12-17","Visa","1300","一括","1200","非課税",""
"2025-12-25","046981968011","AKR5043754583","Ｃｒａｂ　Ｓｈｒｉｍｐ","2025-12-17","Visa","1300","一括","62136","非課税",""
"2025-12-25","046981968011","AKR5043754583","Ｃｒａｂ　Ｓｈｒｉｍｐ","2025-12-17","Visa","5010","一括","20512","非課税",""
"2025-12-25","046981968011","AKR5043754583","Ｃｒａｂ　Ｓｈｒｉｍｐ","2025-12-17","Visa","8705","一括","3564","非課税",""
"2025-12-25","046981968011","AKR5043754583","Ｃｒａｂ　Ｓｈｒｉｍｐ","2025-12-17","American Express","6010","一括","4466","非課税",""
"2025-12-25","046981968011","AKR5043754583","Ｃｒａｂ　Ｓｈｒｉｍｐ","2025-12-17","JCB","1003","一括","8731","非課税",""
"2025-12-25","046981968011","AKR5043754583","Ｃｒａｂ　Ｓｈｒｉｍｐ","2025-12-17","Visa","6502","一括","1765","非課税",""
"2025-12-25","046981968011","AKR5043754583","Ｃｒａｂ　Ｓｈｒｉｍｐ","2025-12-17","JCB","2793","一括","1100","非課税",""
"2025-12-25","046981968011","AKR5043754583","Ｃｒａｂ　Ｓｈｒｉｍｐ","2025-12-17","Visa","7760","一括","900","非課税",""
"2025-12-25","046981968011","AKR5043754583","Ｃｒａｂ　Ｓｈｒｉｍｐ","2025-12-17","Visa","9332","一括","900","非課税",""
"2025-12-25","046981968011","AKR5043754583","Ｃｒａｂ　Ｓｈｒｉｍｐ","2025-12-16","楽天ペイ","","一括","1200","課税",""
"2025-12-25","046981968011","AKR5043754583","Ｃｒａｂ　Ｓｈｒｉｍｐ","2025-12-16","PayPay","","一括","1140","課税",""
"2025-12-25","046981968011","AKR5043754583","Ｃｒａｂ　Ｓｈｒｉｍｐ","2025-12-16","UnionPay(銀聯)","9966","","5678","非課税",""
"2025-12-25","046981968011","AKR5043754583","Ｃｒａｂ　Ｓｈｒｉｍｐ","2025-12-16","Mastercard(R)","5667","一括","18812","非課税",""
"2025-12-25","046981968011","AKR5043754583","Ｃｒａｂ　Ｓｈｒｉｍｐ","2025-12-16","Visa","9878","一括","1200","非課税",""
"2025-12-25","046981968011","AKR5043754583","Ｃｒａｂ　Ｓｈｒｉｍｐ","2025-12-15","PayPay","","一括","5456","課税",""
"2025-12-25","046981968011","AKR5043754583","Ｃｒａｂ　Ｓｈｒｉｍｐ","2025-12-15","PayPay","","一括","2535","課税",""
"2025-12-25","046981968011","AKR5043754583","Ｃｒａｂ　Ｓｈｒｉｍｐ","2025-12-15","PayPay","","一括","1200","課税",""
"2025-12-25","046981968011","AKR5043754583","Ｃｒａｂ　Ｓｈｒｉｍｐ","2025-12-15","QUICPay","8***","","1200","非課税",""
"2025-12-25","046981968011","AKR5043754583","Ｃｒａｂ　Ｓｈｒｉｍｐ","2025-12-15","Visa","8467","一括","22397","非課税",""
"2025-12-25","046981968011","AKR5043754583","Ｃｒａｂ　Ｓｈｒｉｍｐ","2025-12-15","Visa","7504","一括","30404","非課税",""
"2025-12-25","046981968011","AKR5043754583","Ｃｒａｂ　Ｓｈｒｉｍｐ","2025-12-15","Visa","7207","一括","16745","非課税",""
"2025-12-25","046981968011","AKR5043754583","Ｃｒａｂ　Ｓｈｒｉｍｐ","2025-12-15","Visa","5828","一括","20712","非課税",""
"2025-12-25","046981968011","AKR5043754583","Ｃｒａｂ　Ｓｈｒｉｍｐ","2025-12-15","Visa","8429","一括","38104","非課税",""
"2025-12-25","046981968011","AKR5043754583","Ｃｒａｂ　Ｓｈｒｉｍｐ","2025-12-15","JCB","5406","一括","12544","非課税",""
"2025-12-25","046981968011","AKR5043754583","Ｃｒａｂ　Ｓｈｒｉｍｐ","2025-12-15","JCB","1027","一括","18612","非課税",""
"2025-12-25","046981968011","AKR5043754583","Ｃｒａｂ　Ｓｈｒｉｍｐ","2025-12-15","Visa","9000","一括","30624","非課税",""
"2025-12-25","046981968011","AKR5043754583","Ｃｒａｂ　Ｓｈｒｉｍｐ","2025-12-14","WeChat Pay","","一括","14212","課税",""
"2025-12-25","046981968011","AKR5043754583","Ｃｒａｂ　Ｓｈｒｉｍｐ","2025-12-14","QUICPay","5***","","1200","非課税",""
"2025-12-25","046981968011","AKR5043754583","Ｃｒａｂ　Ｓｈｒｉｍｐ","2025-12-14","Visa","9168","一括","32868","非課税",""
"2025-12-25","046981968011","AKR5043754583","Ｃｒａｂ　Ｓｈｒｉｍｐ","2025-12-14","Mastercard(R)","1408","一括","1400","非課税",""
"2025-12-25","046981968011","AKR5043754583","Ｃｒａｂ　Ｓｈｒｉｍｐ","2025-12-14","American Express","2000","一括","21047","非課税",""
"2025-12-25","046981968011","AKR5043754583","Ｃｒａｂ　Ｓｈｒｉｍｐ","2025-12-13","PayPay","","一括","13728","課税",""
"2025-12-25","046981968011","AKR5043754583","Ｃｒａｂ　Ｓｈｒｉｍｐ","2025-12-13","PayPay","","一括","2400","課税",""
"2025-12-25","046981968011","AKR5043754583","Ｃｒａｂ　Ｓｈｒｉｍｐ","2025-12-13","Visa","6894","一括","29832","非課税",""
"2025-12-25","046981968011","AKR5043754583","Ｃｒａｂ　Ｓｈｒｉｍｐ","2025-12-13","American Express","2784","一括","22725","非課税",""
"2025-12-25","046981968011","AKR5043754583","Ｃｒａｂ　Ｓｈｒｉｍｐ","2025-12-13","Visa","7206","一括","13893","非課税",""
"2025-12-25","046981968011","AKR5043754583","Ｃｒａｂ　Ｓｈｒｉｍｐ","2025-12-13","Mastercard(R)","6029","一括","21472","非課税",""
"2025-12-25","046981968011","AKR5043754583","Ｃｒａｂ　Ｓｈｒｉｍｐ","2025-12-13","Visa","9032","一括","16192","非課税",""
"2025-12-25","046981968011","AKR5043754583","Ｃｒａｂ　Ｓｈｒｉｍｐ","2025-12-13","JCB","4368","一括","22212","非課税",""
"2025-12-25","046981968011","AKR5043754583","Ｃｒａｂ　Ｓｈｒｉｍｐ","2025-12-13","JCB","1096","一括","22132","非課税",""
"2025-12-25","046981968011","AKR5043754583","Ｃｒａｂ　Ｓｈｒｉｍｐ","2025-12-13","Visa","4717","一括","65386","非課税",""
"2025-12-25","046981968011","AKR5043754583","Ｃｒａｂ　Ｓｈｒｉｍｐ","2025-12-13","Mastercard(R)","5451","一括","13904","非課税",""
"2025-12-25","046981968011","AKR5043754583","Ｃｒａｂ　Ｓｈｒｉｍｐ","2025-12-13","American Express","5104","一括","13595","非課税",""
"2025-12-25","046981968011","AKR5043754583","Ｃｒａｂ　Ｓｈｒｉｍｐ","2025-12-13","Visa","7409","一括","23672","非課税",""
"2025-12-25","046981968011","AKR5043754583","Ｃｒａｂ　Ｓｈｒｉｍｐ","2025-12-13","American Express","1004","一括","2400","非課税",""
"2025-12-25","046981968011","AKR5043754583","Ｃｒａｂ　Ｓｈｒｉｍｐ","2025-12-12","PayPay","","一括","34733","課税",""
"2025-12-25","046981968011","AKR5043754583","Ｃｒａｂ　Ｓｈｒｉｍｐ","2025-12-12","d払い","","一括","19272","課税",""
"2025-12-25","046981968011","AKR5043754583","Ｃｒａｂ　Ｓｈｒｉｍｐ","2025-12-12","American Express","3000","一括","38423","非課税",""
"2025-12-25","046981968011","AKR5043754583","Ｃｒａｂ　Ｓｈｒｉｍｐ","2025-12-12","Visa","2409","一括","8536","非課税",""
"2025-12-25","046981968011","AKR5043754583","Ｃｒａｂ　Ｓｈｒｉｍｐ","2025-12-12","Mastercard(R)","2777","一括","20130","非課税",""
"2025-12-25","046981968011","AKR5043754583","Ｃｒａｂ　Ｓｈｒｉｍｐ","2025-12-12","Visa","7085","一括","17512","非課税",""
"2025-12-25","046981968011","AKR5043754583","Ｃｒａｂ　Ｓｈｒｉｍｐ","2025-12-12","Mastercard(R)","6412","一括","19442","非課税",""
"2025-12-25","046981968011","AKR5043754583","Ｃｒａｂ　Ｓｈｒｉｍｐ","2025-12-12","Visa","0991","一括","12000","非課税",""
"2025-12-25","046981968011","AKR5043754583","Ｃｒａｂ　Ｓｈｒｉｍｐ","2025-12-12","JCB","4481","一括","19263","非課税",""
"2025-12-25","046981968011","AKR5043754583","Ｃｒａｂ　Ｓｈｒｉｍｐ","2025-12-12","Visa","6001","一括","7916","非課税",""
"2025-12-25","046981968011","AKR5043754583","Ｃｒａｂ　Ｓｈｒｉｍｐ","2025-12-11","PayPay","","一括","11893","課税",""
"2025-12-25","046981968011","AKR5043754583","Ｃｒａｂ　Ｓｈｒｉｍｐ","2025-12-11","PayPay","","一括","1200","課税",""
"2025-12-25","046981968011","AKR5043754583","Ｃｒａｂ　Ｓｈｒｉｍｐ","2025-12-11","PayPay","","一括","1200","課税",""
"2025-12-25","046981968011","AKR5043754583","Ｃｒａｂ　Ｓｈｒｉｍｐ","2025-12-11","PayPay","","一括","1200","課税",""
"2025-12-25","046981968011","AKR5043754583","Ｃｒａｂ　Ｓｈｒｉｍｐ","2025-12-11","iD","0***","一括","1200","非課税",""
"2025-12-25","046981968011","AKR5043754583","Ｃｒａｂ　Ｓｈｒｉｍｐ","2025-12-11","交通系電子マネー","9660","","1200","課税",""
"2025-12-25","046981968011","AKR5043754583","Ｃｒａｂ　Ｓｈｒｉｍｐ","2025-12-11","Visa","0237","一括","19448","非課税",""
"2025-12-25","046981968011","AKR5043754583","Ｃｒａｂ　Ｓｈｒｉｍｐ","2025-12-11","Mastercard(R)","6159","一括","19360","非課税",""
"2025-12-25","046981968011","AKR5043754583","Ｃｒａｂ　Ｓｈｒｉｍｐ","2025-12-11","Visa","6510","一括","25910","非課税",""
"2025-12-25","046981968011","AKR5043754583","Ｃｒａｂ　Ｓｈｒｉｍｐ","2025-12-11","Visa","0152","一括","32640","非課税",""
"2025-12-25","046981968011","AKR5043754583","Ｃｒａｂ　Ｓｈｒｉｍｐ","2025-12-11","JCB","1082","一括","20042","非課税",""
"2025-12-25","046981968011","AKR5043754583","Ｃｒａｂ　Ｓｈｒｉｍｐ","2025-12-11","Visa","0101","一括","32268","非課税",""
"2025-12-25","046981968011","AKR5043754583","Ｃｒａｂ　Ｓｈｒｉｍｐ","2025-12-11","Visa","8790","一括","15992","非課税",""
"2025-12-25","046981968011","AKR5043754583","Ｃｒａｂ　Ｓｈｒｉｍｐ","2025-12-10","PayPay","","一括","29468","課税",""
"2025-12-25","046981968011","AKR5043754583","Ｃｒａｂ　Ｓｈｒｉｍｐ","2025-12-10","PayPay","","一括","18227","課税",""
"2025-12-25","046981968011","AKR5043754583","Ｃｒａｂ　Ｓｈｒｉｍｐ","2025-12-10","PayPay","","一括","3289","課税",""
"2025-12-25","046981968011","AKR5043754583","Ｃｒａｂ　Ｓｈｒｉｍｐ","2025-12-10","PayPay","","一括","1200","課税",""
"2025-12-25","046981968011","AKR5043754583","Ｃｒａｂ　Ｓｈｒｉｍｐ","2025-12-10","PayPay","","一括","1200","課税",""
"2025-12-25","046981968011","AKR5043754583","Ｃｒａｂ　Ｓｈｒｉｍｐ","2025-12-10","PayPay","","一括","1200","課税",""
"2025-12-25","046981968011","AKR5043754583","Ｃｒａｂ　Ｓｈｒｉｍｐ","2025-12-10","PayPay","","一括","1200","課税",""
"2025-12-25","046981968011","AKR5043754583","Ｃｒａｂ　Ｓｈｒｉｍｐ","2025-12-10","PayPay","","一括","1200","課税",""
"2025-12-25","046981968011","AKR5043754583","Ｃｒａｂ　Ｓｈｒｉｍｐ","2025-12-10","PayPay","","一括","1200","課税",""
"2025-12-25","046981968011","AKR5043754583","Ｃｒａｂ　Ｓｈｒｉｍｐ","2025-12-10","PayPay","","一括","2400","課税",""
"2025-12-25","046981968011","AKR5043754583","Ｃｒａｂ　Ｓｈｒｉｍｐ","2025-12-10","QUICPay","3***","","1350","非課税",""
"2025-12-25","046981968011","AKR5043754583","Ｃｒａｂ　Ｓｈｒｉｍｐ","2025-12-10","交通系電子マネー","3871","","1750","課税",""
"2025-12-25","046981968011","AKR5043754583","Ｃｒａｂ　Ｓｈｒｉｍｐ","2025-12-10","American Express","1006","一括","22472","非課税",""
"2025-12-25","046981968011","AKR5043754583","Ｃｒａｂ　Ｓｈｒｉｍｐ","2025-12-10","JCB","9479","一括","18612","非課税",""
"2025-12-25","046981968011","AKR5043754583","Ｃｒａｂ　Ｓｈｒｉｍｐ","2025-12-10","Mastercard(R)","7006","一括","39000","非課税",""
"2025-12-25","046981968011","AKR5043754583","Ｃｒａｂ　Ｓｈｒｉｍｐ","2025-12-10","Visa","5186","一括","11572","非課税",""
"2025-12-25","046981968011","AKR5043754583","Ｃｒａｂ　Ｓｈｒｉｍｐ","2025-12-10","Visa","3014","一括","10824","非課税",""
"2025-12-25","046981968011","AKR5043754583","Ｃｒａｂ　Ｓｈｒｉｍｐ","2025-12-10","Visa","9765","一括","11770","非課税",""
"2025-12-25","046981968011","AKR5043754583","Ｃｒａｂ　Ｓｈｒｉｍｐ","2025-12-10","Mastercard(R)","3406","一括","3800","非課税",""
"2025-12-25","046981968011","AKR5043754583","Ｃｒａｂ　Ｓｈｒｉｍｐ","2025-12-10","Visa","9095","一括","19657","非課税",""
"2025-12-25","046981968011","AKR5043754583","Ｃｒａｂ　Ｓｈｒｉｍｐ","2025-12-10","Visa","7001","一括","1200","非課税",""
"2025-12-25","046981968011","AKR5043754583","Ｃｒａｂ　Ｓｈｒｉｍｐ","2025-12-10","Visa","5769","一括","15459","非課税",""

"","","","","","","","売上合計金額","1917121"
"","","","","","","","売上手数料（課税10%対象）","8325"
"","","","","","","","うち消費税額","756"
"","","","","","","","売上手数料（非課税）","52098"
"","","","","","","","振込手数料","0"
"","","","","","","","振込金額","1856698"
"","","","","","","","振込調整金額","0"
"","","","","","","","振込確定金額","1856698"

"株式会社ａｓｏｖｉｖａ"
"Ｃｒａｂ　Ｓｈｒｉｍｐ 御中"

"株式会社リクルート（T5010001149426）"

"振込日","加盟店番号（V/M）","店舗番号（AKR）","店舗名","取引年月日","決済ブランド","決済ブランド（カード番号下４桁）","支払区分","金額（円）","税区分","備考"
"2025-12-15","046981968011","AKR5043754583","Ｃｒａｂ　Ｓｈｒｉｍｐ","2025-12-09","楽天ペイ","","一括","1200","課税",""
"2025-12-15","046981968011","AKR5043754583","Ｃｒａｂ　Ｓｈｒｉｍｐ","2025-12-09","PayPay","","一括","1200","課税",""
"2025-12-15","046981968011","AKR5043754583","Ｃｒａｂ　Ｓｈｒｉｍｐ","2025-12-09","PayPay","","一括","1200","課税",""
"2025-12-15","046981968011","AKR5043754583","Ｃｒａｂ　Ｓｈｒｉｍｐ","2025-12-09","交通系電子マネー","6093","","7469","課税",""
"2025-12-15","046981968011","AKR5043754583","Ｃｒａｂ　Ｓｈｒｉｍｐ","2025-12-09","JCB","1014","一括","10560","非課税",""
"2025-12-15","046981968011","AKR5043754583","Ｃｒａｂ　Ｓｈｒｉｍｐ","2025-12-09","JCB","1288","一括","20812","非課税",""
"2025-12-15","046981968011","AKR5043754583","Ｃｒａｂ　Ｓｈｒｉｍｐ","2025-12-09","JCB","6615","一括","18832","非課税",""
"2025-12-15","046981968011","AKR5043754583","Ｃｒａｂ　Ｓｈｒｉｍｐ","2025-12-09","Visa","1004","一括","2321","非課税",""
"2025-12-15","046981968011","AKR5043754583","Ｃｒａｂ　Ｓｈｒｉｍｐ","2025-12-09","American Express","2005","一括","4921","非課税",""
"2025-12-15","046981968011","AKR5043754583","Ｃｒａｂ　Ｓｈｒｉｍｐ","2025-12-09","American Express","2001","一括","1200","非課税",""
"2025-12-15","046981968011","AKR5043754583","Ｃｒａｂ　Ｓｈｒｉｍｐ","2025-12-09","Visa","2928","一括","1200","非課税",""
"2025-12-15","046981968011","AKR5043754583","Ｃｒａｂ　Ｓｈｒｉｍｐ","2025-12-08","Smart Code","","一括","1450","課税",""
"2025-12-15","046981968011","AKR5043754583","Ｃｒａｂ　Ｓｈｒｉｍｐ","2025-12-08","PayPay","","一括","14696","課税",""
"2025-12-15","046981968011","AKR5043754583","Ｃｒａｂ　Ｓｈｒｉｍｐ","2025-12-08","PayPay","","一括","5950","課税",""
"2025-12-15","046981968011","AKR5043754583","Ｃｒａｂ　Ｓｈｒｉｍｐ","2025-12-08","PayPay","","一括","1200","課税",""
"2025-12-15","046981968011","AKR5043754583","Ｃｒａｂ　Ｓｈｒｉｍｐ","2025-12-08","Visa","1621","一括","20957","非課税",""
"2025-12-15","046981968011","AKR5043754583","Ｃｒａｂ　Ｓｈｒｉｍｐ","2025-12-08","Mastercard(R)","4035","一括","38676","非課税",""
"2025-12-15","046981968011","AKR5043754583","Ｃｒａｂ　Ｓｈｒｉｍｐ","2025-12-08","Mastercard(R)","3004","一括","19512","非課税",""
"2025-12-15","046981968011","AKR5043754583","Ｃｒａｂ　Ｓｈｒｉｍｐ","2025-12-08","American Express","2036","一括","20497","非課税",""
"2025-12-15","046981968011","AKR5043754583","Ｃｒａｂ　Ｓｈｒｉｍｐ","2025-12-08","Visa","1650","一括","8404","非課税",""
"2025-12-15","046981968011","AKR5043754583","Ｃｒａｂ　Ｓｈｒｉｍｐ","2025-12-08","American Express","1000","一括","7304","非課税",""
"2025-12-15","046981968011","AKR5043754583","Ｃｒａｂ　Ｓｈｒｉｍｐ","2025-12-07","PayPay","","一括","20612","課税",""
"2025-12-15","046981968011","AKR5043754583","Ｃｒａｂ　Ｓｈｒｉｍｐ","2025-12-07","PayPay","","一括","1770","課税",""
"2025-12-15","046981968011","AKR5043754583","Ｃｒａｂ　Ｓｈｒｉｍｐ","2025-12-07","PayPay","","一括","28508","課税",""
"2025-12-15","046981968011","AKR5043754583","Ｃｒａｂ　Ｓｈｒｉｍｐ","2025-12-07","Visa","0160","一括","19360","非課税",""
"2025-12-15","046981968011","AKR5043754583","Ｃｒａｂ　Ｓｈｒｉｍｐ","2025-12-07","Visa","8885","一括","30158","非課税",""
"2025-12-15","046981968011","AKR5043754583","Ｃｒａｂ　Ｓｈｒｉｍｐ","2025-12-07","American Express","2002","一括","32773","非課税",""
"2025-12-15","046981968011","AKR5043754583","Ｃｒａｂ　Ｓｈｒｉｍｐ","2025-12-07","JCB","7529","一括","18942","非課税",""
"2025-12-15","046981968011","AKR5043754583","Ｃｒａｂ　Ｓｈｒｉｍｐ","2025-12-07","JCB","9965","一括","16352","非課税",""
"2025-12-15","046981968011","AKR5043754583","Ｃｒａｂ　Ｓｈｒｉｍｐ","2025-12-07","Visa","0658","一括","21012","非課税",""
"2025-12-15","046981968011","AKR5043754583","Ｃｒａｂ　Ｓｈｒｉｍｐ","2025-12-07","Visa","2891","一括","16577","非課税",""
"2025-12-15","046981968011","AKR5043754583","Ｃｒａｂ　Ｓｈｒｉｍｐ","2025-12-07","Visa","4497","一括","12919","非課税",""
"2025-12-15","046981968011","AKR5043754583","Ｃｒａｂ　Ｓｈｒｉｍｐ","2025-12-07","American Express","4608","一括","8348","非課税",""
"2025-12-15","046981968011","AKR5043754583","Ｃｒａｂ　Ｓｈｒｉｍｐ","2025-12-07","Visa","1572","一括","19668","非課税",""
"2025-12-15","046981968011","AKR5043754583","Ｃｒａｂ　Ｓｈｒｉｍｐ","2025-12-07","Visa","9206","一括","15512","非課税",""
"2025-12-15","046981968011","AKR5043754583","Ｃｒａｂ　Ｓｈｒｉｍｐ","2025-12-07","Visa","5589","一括","14559","非課税",""
"2025-12-15","046981968011","AKR5043754583","Ｃｒａｂ　Ｓｈｒｉｍｐ","2025-12-06","楽天ペイ","","一括","20660","課税",""
"2025-12-15","046981968011","AKR5043754583","Ｃｒａｂ　Ｓｈｒｉｍｐ","2025-12-06","PayPay","","一括","35024","課税",""
"2025-12-15","046981968011","AKR5043754583","Ｃｒａｂ　Ｓｈｒｉｍｐ","2025-12-06","Visa","4112","一括","18667","非課税",""
"2025-12-15","046981968011","AKR5043754583","Ｃｒａｂ　Ｓｈｒｉｍｐ","2025-12-06","Mastercard(R)","4748","一括","16642","非課税",""
"2025-12-15","046981968011","AKR5043754583","Ｃｒａｂ　Ｓｈｒｉｍｐ","2025-12-06","American Express","3007","一括","18058","非課税",""
"2025-12-15","046981968011","AKR5043754583","Ｃｒａｂ　Ｓｈｒｉｍｐ","2025-12-06","Visa","8488","一括","21912","非課税",""
"2025-12-15","046981968011","AKR5043754583","Ｃｒａｂ　Ｓｈｒｉｍｐ","2025-12-06","JCB","6632","一括","22462","非課税",""
"2025-12-15","046981968011","AKR5043754583","Ｃｒａｂ　Ｓｈｒｉｍｐ","2025-12-06","Visa","5095","一括","7029","非課税",""
"2025-12-15","046981968011","AKR5043754583","Ｃｒａｂ　Ｓｈｒｉｍｐ","2025-12-06","JCB","1211","一括","8294","非課税",""
"2025-12-15","046981968011","AKR5043754583","Ｃｒａｂ　Ｓｈｒｉｍｐ","2025-12-05","PayPay","","一括","12012","課税",""
"2025-12-15","046981968011","AKR5043754583","Ｃｒａｂ　Ｓｈｒｉｍｐ","2025-12-05","PayPay","","一括","13134","課税",""
"2025-12-15","046981968011","AKR5043754583","Ｃｒａｂ　Ｓｈｒｉｍｐ","2025-12-05","PayPay","","一括","9856","課税",""
"2025-12-15","046981968011","AKR5043754583","Ｃｒａｂ　Ｓｈｒｉｍｐ","2025-12-05","PayPay","","一括","30054","課税",""
"2025-12-15","046981968011","AKR5043754583","Ｃｒａｂ　Ｓｈｒｉｍｐ","2025-12-05","PayPay","","一括","15312","課税",""
"2025-12-15","046981968011","AKR5043754583","Ｃｒａｂ　Ｓｈｒｉｍｐ","2025-12-05","PayPay","","一括","18732","課税",""
"2025-12-15","046981968011","AKR5043754583","Ｃｒａｂ　Ｓｈｒｉｍｐ","2025-12-05","PayPay","","一括","1200","課税",""
"2025-12-15","046981968011","AKR5043754583","Ｃｒａｂ　Ｓｈｒｉｍｐ","2025-12-05","QUICPay","4***","","16819","非課税",""
"2025-12-15","046981968011","AKR5043754583","Ｃｒａｂ　Ｓｈｒｉｍｐ","2025-12-05","Visa","4518","一括","30569","非課税",""
"2025-12-15","046981968011","AKR5043754583","Ｃｒａｂ　Ｓｈｒｉｍｐ","2025-12-05","Visa","1300","一括","44400","非課税",""
"2025-12-15","046981968011","AKR5043754583","Ｃｒａｂ　Ｓｈｒｉｍｐ","2025-12-05","Visa","3179","一括","24090","非課税",""
"2025-12-15","046981968011","AKR5043754583","Ｃｒａｂ　Ｓｈｒｉｍｐ","2025-12-05","Mastercard(R)","2837","一括","12342","非課税",""
"2025-12-15","046981968011","AKR5043754583","Ｃｒａｂ　Ｓｈｒｉｍｐ","2025-12-05","JCB","4044","一括","5965","非課税",""
"2025-12-15","046981968011","AKR5043754583","Ｃｒａｂ　Ｓｈｒｉｍｐ","2025-12-05","American Express","1006","一括","3613","非課税",""
"2025-12-15","046981968011","AKR5043754583","Ｃｒａｂ　Ｓｈｒｉｍｐ","2025-12-05","Visa","4112","一括","3981","非課税",""
"2025-12-15","046981968011","AKR5043754583","Ｃｒａｂ　Ｓｈｒｉｍｐ","2025-12-04","楽天ペイ","","一括","1200","課税",""
"2025-12-15","046981968011","AKR5043754583","Ｃｒａｂ　Ｓｈｒｉｍｐ","2025-12-04","PayPay","","一括","15972","課税",""
"2025-12-15","046981968011","AKR5043754583","Ｃｒａｂ　Ｓｈｒｉｍｐ","2025-12-04","PayPay","","一括","1200","課税",""
"2025-12-15","046981968011","AKR5043754583","Ｃｒａｂ　Ｓｈｒｉｍｐ","2025-12-04","PayPay","","一括","1200","課税",""
"2025-12-15","046981968011","AKR5043754583","Ｃｒａｂ　Ｓｈｒｉｍｐ","2025-12-04","PayPay","","一括","3600","課税",""
"2025-12-15","046981968011","AKR5043754583","Ｃｒａｂ　Ｓｈｒｉｍｐ","2025-12-04","Visa","8195","一括","25289","非課税",""
"2025-12-15","046981968011","AKR5043754583","Ｃｒａｂ　Ｓｈｒｉｍｐ","2025-12-04","Visa","2605","一括","23177","非課税",""
"2025-12-15","046981968011","AKR5043754583","Ｃｒａｂ　Ｓｈｒｉｍｐ","2025-12-04","American Express","1001","一括","14806","非課税",""
"2025-12-15","046981968011","AKR5043754583","Ｃｒａｂ　Ｓｈｒｉｍｐ","2025-12-04","JCB","7030","一括","10384","非課税",""
"2025-12-15","046981968011","AKR5043754583","Ｃｒａｂ　Ｓｈｒｉｍｐ","2025-12-04","Visa","1441","一括","5839","非課税",""
"2025-12-15","046981968011","AKR5043754583","Ｃｒａｂ　Ｓｈｒｉｍｐ","2025-12-04","Visa","4818","一括","6423","非課税",""
"2025-12-15","046981968011","AKR5043754583","Ｃｒａｂ　Ｓｈｒｉｍｐ","2025-12-04","Visa","6070","一括","2400","非課税",""
"2025-12-15","046981968011","AKR5043754583","Ｃｒａｂ　Ｓｈｒｉｍｐ","2025-12-04","Visa","0368","一括","15642","非課税",""
"2025-12-15","046981968011","AKR5043754583","Ｃｒａｂ　Ｓｈｒｉｍｐ","2025-12-04","Visa","2219","一括","1200","非課税",""
"2025-12-15","046981968011","AKR5043754583","Ｃｒａｂ　Ｓｈｒｉｍｐ","2025-12-04","American Express","2003","一括","2400","非課税",""
"2025-12-15","046981968011","AKR5043754583","Ｃｒａｂ　Ｓｈｒｉｍｐ","2025-12-03","PayPay","","一括","39824","課税",""
"2025-12-15","046981968011","AKR5043754583","Ｃｒａｂ　Ｓｈｒｉｍｐ","2025-12-03","PayPay","","一括","1200","課税",""
"2025-12-15","046981968011","AKR5043754583","Ｃｒａｂ　Ｓｈｒｉｍｐ","2025-12-03","PayPay","","一括","1200","課税",""
"2025-12-15","046981968011","AKR5043754583","Ｃｒａｂ　Ｓｈｒｉｍｐ","2025-12-03","QUICPay","7***","","1200","非課税",""
"2025-12-15","046981968011","AKR5043754583","Ｃｒａｂ　Ｓｈｒｉｍｐ","2025-12-03","American Express","1005","一括","31988","非課税",""
"2025-12-15","046981968011","AKR5043754583","Ｃｒａｂ　Ｓｈｒｉｍｐ","2025-12-03","Visa","0795","一括","20251","非課税",""
"2025-12-15","046981968011","AKR5043754583","Ｃｒａｂ　Ｓｈｒｉｍｐ","2025-12-03","Visa","1118","一括","92560","非課税",""
"2025-12-15","046981968011","AKR5043754583","Ｃｒａｂ　Ｓｈｒｉｍｐ","2025-12-03","American Express","5007","一括","14728","非課税",""
"2025-12-15","046981968011","AKR5043754583","Ｃｒａｂ　Ｓｈｒｉｍｐ","2025-12-03","Visa","4854","一括","2400","非課税",""
"2025-12-15","046981968011","AKR5043754583","Ｃｒａｂ　Ｓｈｒｉｍｐ","2025-12-03","Visa","9833","一括","18612","非課税",""
"2025-12-15","046981968011","AKR5043754583","Ｃｒａｂ　Ｓｈｒｉｍｐ","2025-12-03","Visa","3393","一括","7656","非課税",""
"2025-12-15","046981968011","AKR5043754583","Ｃｒａｂ　Ｓｈｒｉｍｐ","2025-12-03","Mastercard(R)","9661","一括","1200","非課税",""
"2025-12-15","046981968011","AKR5043754583","Ｃｒａｂ　Ｓｈｒｉｍｐ","2025-12-03","JCB","1126","一括","1200","非課税",""
"2025-12-15","046981968011","AKR5043754583","Ｃｒａｂ　Ｓｈｒｉｍｐ","2025-12-02","楽天ペイ","","一括","1200","課税",""
"2025-12-15","046981968011","AKR5043754583","Ｃｒａｂ　Ｓｈｒｉｍｐ","2025-12-02","iD","4***","一括","2645","非課税",""
"2025-12-15","046981968011","AKR5043754583","Ｃｒａｂ　Ｓｈｒｉｍｐ","2025-12-02","Visa","1949","一括","28265","非課税",""
"2025-12-15","046981968011","AKR5043754583","Ｃｒａｂ　Ｓｈｒｉｍｐ","2025-12-02","Visa","8003","一括","10859","非課税",""
"2025-12-15","046981968011","AKR5043754583","Ｃｒａｂ　Ｓｈｒｉｍｐ","2025-12-02","American Express","2016","一括","19162","非課税",""
"2025-12-15","046981968011","AKR5043754583","Ｃｒａｂ　Ｓｈｒｉｍｐ","2025-12-01","PayPay","","一括","8360","課税",""
"2025-12-15","046981968011","AKR5043754583","Ｃｒａｂ　Ｓｈｒｉｍｐ","2025-12-01","PayPay","","一括","2400","課税",""
"2025-12-15","046981968011","AKR5043754583","Ｃｒａｂ　Ｓｈｒｉｍｐ","2025-12-01","Visa","1227","一括","15717","非課税",""
"2025-12-15","046981968011","AKR5043754583","Ｃｒａｂ　Ｓｈｒｉｍｐ","2025-12-01","American Express","1009","一括","4279","非課税",""
"2025-12-15","046981968011","AKR5043754583","Ｃｒａｂ　Ｓｈｒｉｍｐ","2025-12-01","Visa","6867","一括","10798","非課税",""
"2025-12-15","046981968011","AKR5043754583","Ｃｒａｂ　Ｓｈｒｉｍｐ","2025-12-01","Visa","7377","一括","5569","非課税",""
"2025-12-15","046981968011","AKR5043754583","Ｃｒａｂ　Ｓｈｒｉｍｐ","2025-12-01","Visa","3356","一括","23012","非課税",""
"2025-12-15","046981968011","AKR5043754583","Ｃｒａｂ　Ｓｈｒｉｍｐ","2025-11-30","PayPay","","一括","7381","課税",""
"2025-12-15","046981968011","AKR5043754583","Ｃｒａｂ　Ｓｈｒｉｍｐ","2025-11-30","Visa","7839","一括","46004","非課税",""
"2025-12-15","046981968011","AKR5043754583","Ｃｒａｂ　Ｓｈｒｉｍｐ","2025-11-30","Visa","5054","一括","17622","非課税",""
"2025-12-15","046981968011","AKR5043754583","Ｃｒａｂ　Ｓｈｒｉｍｐ","2025-11-30","Visa","7603","一括","9817","非課税",""
"2025-12-15","046981968011","AKR5043754583","Ｃｒａｂ　Ｓｈｒｉｍｐ","2025-11-30","American Express","2001","一括","16885","非課税",""
"2025-12-15","046981968011","AKR5043754583","Ｃｒａｂ　Ｓｈｒｉｍｐ","2025-11-30","Mastercard(R)","8674","一括","35497","非課税",""
"2025-12-15","046981968011","AKR5043754583","Ｃｒａｂ　Ｓｈｒｉｍｐ","2025-11-30","Visa","7360","一括","12000","非課税",""
"2025-12-15","046981968011","AKR5043754583","Ｃｒａｂ　Ｓｈｒｉｍｐ","2025-11-30","American Express","1005","一括","15752","非課税",""
"2025-12-15","046981968011","AKR5043754583","Ｃｒａｂ　Ｓｈｒｉｍｐ","2025-11-30","American Express","1000","一括","3531","非課税",""
"2025-12-15","046981968011","AKR5043754583","Ｃｒａｂ　Ｓｈｒｉｍｐ","2025-11-30","JCB","9758","一括","3478","非課税",""

"","","","","","","","売上合計金額","1562442"
"","","","","","","","売上手数料（課税10%対象）","10576"
"","","","","","","","うち消費税額","961"
"","","","","","","","売上手数料（非課税）","39115"
"","","","","","","","振込手数料","0"
"","","","","","","","振込金額","1512751"
"","","","","","","","振込調整金額","0"
"","","","","","","","振込確定金額","1512751"

"株式会社ａｓｏｖｉｖａ"
"Ｃｒａｂ　Ｓｈｒｉｍｐ 御中"

"株式会社リクルート（T5010001149426）"

"振込日","加盟店番号（V/M）","店舗番号（AKR）","店舗名","取引年月日","決済ブランド","決済ブランド（カード番号下４桁）","支払区分","金額（円）","税区分","備考"
"2025-12-05","046981968011","AKR5043754583","Ｃｒａｂ　Ｓｈｒｉｍｐ","2025-11-29","PayPay","","一括","20812","課税",""
"2025-12-05","046981968011","AKR5043754583","Ｃｒａｂ　Ｓｈｒｉｍｐ","2025-11-29","d払い","","一括","31056","課税",""
"2025-12-05","046981968011","AKR5043754583","Ｃｒａｂ　Ｓｈｒｉｍｐ","2025-11-29","JCB","1082","一括","21177","非課税",""
"2025-12-05","046981968011","AKR5043754583","Ｃｒａｂ　Ｓｈｒｉｍｐ","2025-11-29","Mastercard(R)","1962","一括","16797","非課税",""
"2025-12-05","046981968011","AKR5043754583","Ｃｒａｂ　Ｓｈｒｉｍｐ","2025-11-29","Visa","2040","一括","23154","非課税",""
"2025-12-05","046981968011","AKR5043754583","Ｃｒａｂ　Ｓｈｒｉｍｐ","2025-11-29","Visa","3684","一括","6798","非課税",""
"2025-12-05","046981968011","AKR5043754583","Ｃｒａｂ　Ｓｈｒｉｍｐ","2025-11-29","Visa","2256","一括","26510","非課税",""
"2025-12-05","046981968011","AKR5043754583","Ｃｒａｂ　Ｓｈｒｉｍｐ","2025-11-29","Visa","0800","一括","17200","非課税",""
"2025-12-05","046981968011","AKR5043754583","Ｃｒａｂ　Ｓｈｒｉｍｐ","2025-11-29","Visa","4363","一括","16907","非課税",""
"2025-12-05","046981968011","AKR5043754583","Ｃｒａｂ　Ｓｈｒｉｍｐ","2025-11-29","Visa","8652","一括","15597","非課税",""
"2025-12-05","046981968011","AKR5043754583","Ｃｒａｂ　Ｓｈｒｉｍｐ","2025-11-29","Mastercard(R)","6077","一括","14718","非課税",""
"2025-12-05","046981968011","AKR5043754583","Ｃｒａｂ　Ｓｈｒｉｍｐ","2025-11-29","JCB","7015","一括","16412","非課税",""
"2025-12-05","046981968011","AKR5043754583","Ｃｒａｂ　Ｓｈｒｉｍｐ","2025-11-29","American Express","3505","一括","6290","非課税",""
"2025-12-05","046981968011","AKR5043754583","Ｃｒａｂ　Ｓｈｒｉｍｐ","2025-11-29","Visa","7389","一括","26967","非課税",""
"2025-12-05","046981968011","AKR5043754583","Ｃｒａｂ　Ｓｈｒｉｍｐ","2025-11-29","JCB","5882","一括","2900","非課税",""
"2025-12-05","046981968011","AKR5043754583","Ｃｒａｂ　Ｓｈｒｉｍｐ","2025-11-29","Mastercard(R)","5073","一括","15458","非課税",""
"2025-12-05","046981968011","AKR5043754583","Ｃｒａｂ　Ｓｈｒｉｍｐ","2025-11-29","Mastercard(R)","0036","一括","16577","非課税",""
"2025-12-05","046981968011","AKR5043754583","Ｃｒａｂ　Ｓｈｒｉｍｐ","2025-11-29","Mastercard(R)","1679","一括","24948","非課税",""
"2025-12-05","046981968011","AKR5043754583","Ｃｒａｂ　Ｓｈｒｉｍｐ","2025-11-29","Visa","3260","一括","2400","非課税",""
"2025-12-05","046981968011","AKR5043754583","Ｃｒａｂ　Ｓｈｒｉｍｐ","2025-11-29","Visa","6002","一括","2400","非課税",""
"2025-12-05","046981968011","AKR5043754583","Ｃｒａｂ　Ｓｈｒｉｍｐ","2025-11-28","PayPay","","一括","38500","課税",""
"2025-12-05","046981968011","AKR5043754583","Ｃｒａｂ　Ｓｈｒｉｍｐ","2025-11-28","PayPay","","一括","13682","課税",""
"2025-12-05","046981968011","AKR5043754583","Ｃｒａｂ　Ｓｈｒｉｍｐ","2025-11-28","PayPay","","一括","19822","課税",""
"2025-12-05","046981968011","AKR5043754583","Ｃｒａｂ　Ｓｈｒｉｍｐ","2025-11-28","PayPay","","一括","1200","課税",""
"2025-12-05","046981968011","AKR5043754583","Ｃｒａｂ　Ｓｈｒｉｍｐ","2025-11-28","PayPay","","一括","1200","課税",""
"2025-12-05","046981968011","AKR5043754583","Ｃｒａｂ　Ｓｈｒｉｍｐ","2025-11-28","Visa","4532","一括","11550","非課税",""
"2025-12-05","046981968011","AKR5043754583","Ｃｒａｂ　Ｓｈｒｉｍｐ","2025-11-28","Visa","2165","一括","5841","非課税",""
"2025-12-05","046981968011","AKR5043754583","Ｃｒａｂ　Ｓｈｒｉｍｐ","2025-11-28","Visa","2902","一括","7087","非課税",""
"2025-12-05","046981968011","AKR5043754583","Ｃｒａｂ　Ｓｈｒｉｍｐ","2025-11-28","Mastercard(R)","3823","一括","12012","非課税",""
"2025-12-05","046981968011","AKR5043754583","Ｃｒａｂ　Ｓｈｒｉｍｐ","2025-11-28","American Express","1006","一括","10110","非課税",""
"2025-12-05","046981968011","AKR5043754583","Ｃｒａｂ　Ｓｈｒｉｍｐ","2025-11-28","Visa","7968","一括","16005","非課税",""
"2025-12-05","046981968011","AKR5043754583","Ｃｒａｂ　Ｓｈｒｉｍｐ","2025-11-28","Mastercard(R)","5620","一括","38424","非課税",""
"2025-12-05","046981968011","AKR5043754583","Ｃｒａｂ　Ｓｈｒｉｍｐ","2025-11-28","Visa","0055","一括","15312","非課税",""
"2025-12-05","046981968011","AKR5043754583","Ｃｒａｂ　Ｓｈｒｉｍｐ","2025-11-28","Mastercard(R)","9006","一括","5782","非課税",""
"2025-12-05","046981968011","AKR5043754583","Ｃｒａｂ　Ｓｈｒｉｍｐ","2025-11-28","Mastercard(R)","8108","一括","20218","非課税",""
"2025-12-05","046981968011","AKR5043754583","Ｃｒａｂ　Ｓｈｒｉｍｐ","2025-11-27","PayPay","","一括","1480","課税",""
"2025-12-05","046981968011","AKR5043754583","Ｃｒａｂ　Ｓｈｒｉｍｐ","2025-11-27","iD","1***","一括","20812","非課税",""
"2025-12-05","046981968011","AKR5043754583","Ｃｒａｂ　Ｓｈｒｉｍｐ","2025-11-27","Visa","4048","一括","12716","非課税",""
"2025-12-05","046981968011","AKR5043754583","Ｃｒａｂ　Ｓｈｒｉｍｐ","2025-11-27","American Express","1008","一括","20570","非課税",""
"2025-12-05","046981968011","AKR5043754583","Ｃｒａｂ　Ｓｈｒｉｍｐ","2025-11-27","American Express","1008","一括","27500","非課税",""
"2025-12-05","046981968011","AKR5043754583","Ｃｒａｂ　Ｓｈｒｉｍｐ","2025-11-27","American Express","4003","一括","12872","非課税",""
"2025-12-05","046981968011","AKR5043754583","Ｃｒａｂ　Ｓｈｒｉｍｐ","2025-11-27","JCB","1070","一括","55000","非課税",""
"2025-12-05","046981968011","AKR5043754583","Ｃｒａｂ　Ｓｈｒｉｍｐ","2025-11-27","Visa","2881","一括","15477","非課税",""
"2025-12-05","046981968011","AKR5043754583","Ｃｒａｂ　Ｓｈｒｉｍｐ","2025-11-26","PayPay","","一括","16412","課税",""
"2025-12-05","046981968011","AKR5043754583","Ｃｒａｂ　Ｓｈｒｉｍｐ","2025-11-26","Mastercard(R)","5347","一括","33970","非課税",""
"2025-12-05","046981968011","AKR5043754583","Ｃｒａｂ　Ｓｈｒｉｍｐ","2025-11-26","Visa","9973","一括","13960","非課税",""
"2025-12-05","046981968011","AKR5043754583","Ｃｒａｂ　Ｓｈｒｉｍｐ","2025-11-26","Mastercard(R)","4194","一括","45759","非課税",""
"2025-12-05","046981968011","AKR5043754583","Ｃｒａｂ　Ｓｈｒｉｍｐ","2025-11-26","Visa","8221","一括","18557","非課税",""
"2025-12-05","046981968011","AKR5043754583","Ｃｒａｂ　Ｓｈｒｉｍｐ","2025-11-26","Visa","8606","一括","13915","非課税",""
"2025-12-05","046981968011","AKR5043754583","Ｃｒａｂ　Ｓｈｒｉｍｐ","2025-11-26","American Express","3009","一括","3508","非課税",""
"2025-12-05","046981968011","AKR5043754583","Ｃｒａｂ　Ｓｈｒｉｍｐ","2025-11-26","JCB","1023","一括","12023","非課税",""
"2025-12-05","046981968011","AKR5043754583","Ｃｒａｂ　Ｓｈｒｉｍｐ","2025-11-26","American Express","1072","一括","10725","非課税",""
"2025-12-05","046981968011","AKR5043754583","Ｃｒａｂ　Ｓｈｒｉｍｐ","2025-11-25","JCB","2811","一括","19250","非課税",""
"2025-12-05","046981968011","AKR5043754583","Ｃｒａｂ　Ｓｈｒｉｍｐ","2025-11-25","American Express","1007","一括","20022","非課税",""
"2025-12-05","046981968011","AKR5043754583","Ｃｒａｂ　Ｓｈｒｉｍｐ","2025-11-25","Visa","1056","一括","11700","非課税",""
"2025-12-05","046981968011","AKR5043754583","Ｃｒａｂ　Ｓｈｒｉｍｐ","2025-11-25","Visa","5514","一括","17512","非課税",""
"2025-12-05","046981968011","AKR5043754583","Ｃｒａｂ　Ｓｈｒｉｍｐ","2025-11-24","Visa","2902","一括","15368","非課税",""
"2025-12-05","046981968011","AKR5043754583","Ｃｒａｂ　Ｓｈｒｉｍｐ","2025-11-24","Visa","1006","一括","10494","非課税",""
"2025-12-05","046981968011","AKR5043754583","Ｃｒａｂ　Ｓｈｒｉｍｐ","2025-11-24","Visa","4968","一括","18282","非課税",""
"2025-12-05","046981968011","AKR5043754583","Ｃｒａｂ　Ｓｈｒｉｍｐ","2025-11-24","Mastercard(R)","9281","一括","13466","非課税",""
"2025-12-05","046981968011","AKR5043754583","Ｃｒａｂ　Ｓｈｒｉｍｐ","2025-11-24","Visa","9353","一括","15618","非課税",""
"2025-12-05","046981968011","AKR5043754583","Ｃｒａｂ　Ｓｈｒｉｍｐ","2025-11-24","Visa","3672","一括","16115","非課税",""
"2025-12-05","046981968011","AKR5043754583","Ｃｒａｂ　Ｓｈｒｉｍｐ","2025-11-24","Visa","3326","一括","53619","非課税",""
"2025-12-05","046981968011","AKR5043754583","Ｃｒａｂ　Ｓｈｒｉｍｐ","2025-11-23","楽天ペイ","","一括","10857","課税",""
"2025-12-05","046981968011","AKR5043754583","Ｃｒａｂ　Ｓｈｒｉｍｐ","2025-11-23","PayPay","","一括","25212","課税",""
"2025-12-05","046981968011","AKR5043754583","Ｃｒａｂ　Ｓｈｒｉｍｐ","2025-11-23","PayPay","","一括","18969","課税",""
"2025-12-05","046981968011","AKR5043754583","Ｃｒａｂ　Ｓｈｒｉｍｐ","2025-11-23","PayPay","","一括","16137","課税",""
"2025-12-05","046981968011","AKR5043754583","Ｃｒａｂ　Ｓｈｒｉｍｐ","2025-11-23","PayPay","","一括","1848","課税",""
"2025-12-05","046981968011","AKR5043754583","Ｃｒａｂ　Ｓｈｒｉｍｐ","2025-11-23","PayPay","","一括","1080","課税",""
"2025-12-05","046981968011","AKR5043754583","Ｃｒａｂ　Ｓｈｒｉｍｐ","2025-11-23","iD","2***","一括","7716","非課税",""
"2025-12-05","046981968011","AKR5043754583","Ｃｒａｂ　Ｓｈｒｉｍｐ","2025-11-23","JCB","1081","一括","21820","非課税",""
"2025-12-05","046981968011","AKR5043754583","Ｃｒａｂ　Ｓｈｒｉｍｐ","2025-11-23","Visa","0723","一括","17503","非課税",""
"2025-12-05","046981968011","AKR5043754583","Ｃｒａｂ　Ｓｈｒｉｍｐ","2025-11-23","Visa","2556","一括","10439","非課税",""
"2025-12-05","046981968011","AKR5043754583","Ｃｒａｂ　Ｓｈｒｉｍｐ","2025-11-23","Visa","3008","一括","18212","非課税",""
"2025-12-05","046981968011","AKR5043754583","Ｃｒａｂ　Ｓｈｒｉｍｐ","2025-11-23","JCB","3031","一括","19547","非課税",""
"2025-12-05","046981968011","AKR5043754583","Ｃｒａｂ　Ｓｈｒｉｍｐ","2025-11-23","JCB","1165","一括","18612","非課税",""
"2025-12-05","046981968011","AKR5043754583","Ｃｒａｂ　Ｓｈｒｉｍｐ","2025-11-23","JCB","0400","一括","18275","非課税",""
"2025-12-05","046981968011","AKR5043754583","Ｃｒａｂ　Ｓｈｒｉｍｐ","2025-11-23","American Express","1005","一括","21362","非課税",""
"2025-12-05","046981968011","AKR5043754583","Ｃｒａｂ　Ｓｈｒｉｍｐ","2025-11-22","PayPay","","一括","19536","課税",""
"2025-12-05","046981968011","AKR5043754583","Ｃｒａｂ　Ｓｈｒｉｍｐ","2025-11-22","PayPay","","一括","19337","課税",""
"2025-12-05","046981968011","AKR5043754583","Ｃｒａｂ　Ｓｈｒｉｍｐ","2025-11-22","QUICPay","8***","","5159","非課税",""
"2025-12-05","046981968011","AKR5043754583","Ｃｒａｂ　Ｓｈｒｉｍｐ","2025-11-22","iD","2***","一括","18062","非課税",""
"2025-12-05","046981968011","AKR5043754583","Ｃｒａｂ　Ｓｈｒｉｍｐ","2025-11-22","JCB","0046","一括","10703","非課税",""
"2025-12-05","046981968011","AKR5043754583","Ｃｒａｂ　Ｓｈｒｉｍｐ","2025-11-22","American Express","4100","一括","33268","非課税",""
"2025-12-05","046981968011","AKR5043754583","Ｃｒａｂ　Ｓｈｒｉｍｐ","2025-11-22","Visa","9170","一括","26312","非課税",""
"2025-12-05","046981968011","AKR5043754583","Ｃｒａｂ　Ｓｈｒｉｍｐ","2025-11-22","JCB","3598","一括","3007","非課税",""
"2025-12-05","046981968011","AKR5043754583","Ｃｒａｂ　Ｓｈｒｉｍｐ","2025-11-22","Mastercard(R)","4813","一括","21912","非課税",""
"2025-12-05","046981968011","AKR5043754583","Ｃｒａｂ　Ｓｈｒｉｍｐ","2025-11-22","Visa","7789","一括","10969","非課税",""
"2025-12-05","046981968011","AKR5043754583","Ｃｒａｂ　Ｓｈｒｉｍｐ","2025-11-22","Visa","6923","一括","9614","非課税",""
"2025-12-05","046981968011","AKR5043754583","Ｃｒａｂ　Ｓｈｒｉｍｐ","2025-11-22","Visa","7196","一括","19612","非課税",""
"2025-12-05","046981968011","AKR5043754583","Ｃｒａｂ　Ｓｈｒｉｍｐ","2025-11-22","Visa","6052","一括","18557","非課税",""
"2025-12-05","046981968011","AKR5043754583","Ｃｒａｂ　Ｓｈｒｉｍｐ","2025-11-22","Visa","7416","一括","15559","非課税",""
"2025-12-05","046981968011","AKR5043754583","Ｃｒａｂ　Ｓｈｒｉｍｐ","2025-11-22","Visa","4718","一括","10860","非課税",""
"2025-12-05","046981968011","AKR5043754583","Ｃｒａｂ　Ｓｈｒｉｍｐ","2025-11-22","JCB","1204","一括","20042","非課税",""
"2025-12-05","046981968011","AKR5043754583","Ｃｒａｂ　Ｓｈｒｉｍｐ","2025-11-21","PayPay","","一括","7651","課税",""
"2025-12-05","046981968011","AKR5043754583","Ｃｒａｂ　Ｓｈｒｉｍｐ","2025-11-21","PayPay","","一括","1180","課税",""
"2025-12-05","046981968011","AKR5043754583","Ｃｒａｂ　Ｓｈｒｉｍｐ","2025-11-21","PayPay","","一括","1480","課税",""
"2025-12-05","046981968011","AKR5043754583","Ｃｒａｂ　Ｓｈｒｉｍｐ","2025-11-21","American Express","9104","一括","19305","非課税",""
"2025-12-05","046981968011","AKR5043754583","Ｃｒａｂ　Ｓｈｒｉｍｐ","2025-11-21","Visa","9112","一括","26829","非課税",""
"2025-12-05","046981968011","AKR5043754583","Ｃｒａｂ　Ｓｈｒｉｍｐ","2025-11-21","Mastercard(R)","4315","一括","37224","非課税",""
"2025-12-05","046981968011","AKR5043754583","Ｃｒａｂ　Ｓｈｒｉｍｐ","2025-11-21","Mastercard(R)","4203","一括","33088","非課税",""
"2025-12-05","046981968011","AKR5043754583","Ｃｒａｂ　Ｓｈｒｉｍｐ","2025-11-21","JCB","9605","一括","10472","非課税",""
"2025-12-05","046981968011","AKR5043754583","Ｃｒａｂ　Ｓｈｒｉｍｐ","2025-11-21","American Express","5329","一括","21472","非課税",""
"2025-12-05","046981968011","AKR5043754583","Ｃｒａｂ　Ｓｈｒｉｍｐ","2025-11-21","Visa","3003","一括","17512","非課税",""
"2025-12-05","046981968011","AKR5043754583","Ｃｒａｂ　Ｓｈｒｉｍｐ","2025-11-21","American Express","1003","一括","4631","非課税",""
"2025-12-05","046981968011","AKR5043754583","Ｃｒａｂ　Ｓｈｒｉｍｐ","2025-11-21","JCB","1095","一括","26268","非課税",""
"2025-12-05","046981968011","AKR5043754583","Ｃｒａｂ　Ｓｈｒｉｍｐ","2025-11-21","Mastercard(R)","4918","一括","4410","非課税",""
"2025-12-05","046981968011","AKR5043754583","Ｃｒａｂ　Ｓｈｒｉｍｐ","2025-11-20","楽天ペイ","","一括","980","課税",""
"2025-12-05","046981968011","AKR5043754583","Ｃｒａｂ　Ｓｈｒｉｍｐ","2025-11-20","PayPay","","一括","9207","課税",""
"2025-12-05","046981968011","AKR5043754583","Ｃｒａｂ　Ｓｈｒｉｍｐ","2025-11-20","PayPay","","一括","3012","課税",""
"2025-12-05","046981968011","AKR5043754583","Ｃｒａｂ　Ｓｈｒｉｍｐ","2025-11-20","PayPay","","一括","2655","課税",""
"2025-12-05","046981968011","AKR5043754583","Ｃｒａｂ　Ｓｈｒｉｍｐ","2025-11-20","PayPay","","一括","980","課税",""
"2025-12-05","046981968011","AKR5043754583","Ｃｒａｂ　Ｓｈｒｉｍｐ","2025-11-20","PayPay","","一括","1180","課税",""
"2025-12-05","046981968011","AKR5043754583","Ｃｒａｂ　Ｓｈｒｉｍｐ","2025-11-20","QUICPay","4***","","4440","非課税",""
"2025-12-05","046981968011","AKR5043754583","Ｃｒａｂ　Ｓｈｒｉｍｐ","2025-11-20","Visa","6166","一括","49878","非課税",""
"2025-12-05","046981968011","AKR5043754583","Ｃｒａｂ　Ｓｈｒｉｍｐ","2025-11-20","Visa","3433","一括","30041","非課税",""
"2025-12-05","046981968011","AKR5043754583","Ｃｒａｂ　Ｓｈｒｉｍｐ","2025-11-20","Mastercard(R)","5202","一括","6974","非課税",""
"2025-12-05","046981968011","AKR5043754583","Ｃｒａｂ　Ｓｈｒｉｍｐ","2025-11-20","Visa","9899","一括","7236","非課税",""
"2025-12-05","046981968011","AKR5043754583","Ｃｒａｂ　Ｓｈｒｉｍｐ","2025-11-20","American Express","1009","一括","2860","非課税",""
"2025-12-05","046981968011","AKR5043754583","Ｃｒａｂ　Ｓｈｒｉｍｐ","2025-11-20","Diners Club","7281","一括","885","非課税",""

"","","","","","","","売上合計金額","1910473"
"","","","","","","","売上手数料（課税10%対象）","9262"
"","","","","","","","うち消費税額","842"
"","","","","","","","売上手数料（非課税）","49898"
"","","","","","","","振込手数料","0"
"","","","","","","","振込金額","1851313"
"","","","","","","","振込調整金額","0"
"","","","","","","","振込確定金額","1851313"
